GEO.id,GEO.id2,GEO.display-label,HC01_EST_VC01,HD01_VD01,HD01_VD01,HD01_VD03,HD01_VD08,,HC01_EST_VC03,HC01_EST_VC04,HC01_EST_VC05,HC01_EST_VC06,HC01_EST_VC07,HC01_EST_VC08,HC01_EST_VC09,HC01_EST_VC10,HC01_EST_VC11,HC01_EST_VC13
Id,Id2,Geography,Households,Population,workers,Zero_auto,Zero_workers,worker_zeroAuto," $10,000 to $14,999"," $15,000 to $24,999"," $25,000 to $34,999"," $35,000 to $49,999"," $50,000 to $74,999"," $75,000 to $99,999"," $100,000 to $149,999"," $150,000 to $199,999"," $200,000 or more", Median income (dollars)
1400000US12086000107,12086000107,"Census Tract 1.07, Miami-Dade County, Florida",1255,2484,1283,149,431,39,11.4,10.7,0.5,11.7,17.3,5.3,14.7,3.6,15.1,53092
1400000US12086000109,12086000109,"Census Tract 1.09, Miami-Dade County, Florida",1698,3643,1649,291,513,184,12.1,23.4,14.5,14.2,12.9,1.7,5.5,0.4,0.9,25060
1400000US12086000113,12086000113,"Census Tract 1.13, Miami-Dade County, Florida",3687,7481,3164,192,1244,22,6.7,7.6,6.5,13.9,18.6,11.9,12.4,7.5,8.2,58226
1400000US12086000115,12086000115,"Census Tract 1.15, Miami-Dade County, Florida",1277,2687,1415,30,211,17,1.3,5.1,3.4,2.8,33.4,7.7,22,2,10.8,71136
1400000US12086000118,12086000118,"Census Tract 1.18, Miami-Dade County, Florida",506,1156,403,11,215,0,11.7,3,4.9,10.5,11.7,10.7,18.6,6.7,12.6,63750
1400000US12086000119,12086000119,"Census Tract 1.19, Miami-Dade County, Florida",2206,4254,1537,321,1069,112,7.2,5.3,7.8,7,17.9,12.8,16.4,1,9.7,61794
1400000US12086000120,12086000120,"Census Tract 1.20, Miami-Dade County, Florida",1855,4611,2215,55,401,27,5.3,10.2,6.7,15.1,18.7,10.4,13.7,3.9,12.8,59784
1400000US12086000121,12086000121,"Census Tract 1.21, Miami-Dade County, Florida",780,1810,495,51,353,20,1.8,9.2,13.7,12.2,16.2,10.1,10.8,11.5,12.6,70179
1400000US12086000122,12086000122,"Census Tract 1.22, Miami-Dade County, Florida",1944,3775,1252,168,998,0,3.7,8.5,8.9,11.9,9.1,16.8,11.9,6.3,10.6,63750
1400000US12086000123,12086000123,"Census Tract 1.23, Miami-Dade County, Florida",2177,4110,1549,257,962,32,8.5,13.6,13.7,10.8,11.5,11.2,7.3,0.6,11.3,38750
1400000US12086000124,12086000124,"Census Tract 1.24, Miami-Dade County, Florida",1065,3105,1277,187,298,96,11.5,19.2,14.3,23.6,13.4,5.3,0.6,1,0,26966
1400000US12086000125,12086000125,"Census Tract 1.25, Miami-Dade County, Florida",1861,3719,1541,322,782,79,4.1,15.5,12.4,17.7,14.3,7,11.9,4.6,0.8,41313
1400000US12086000126,12086000126,"Census Tract 1.26, Miami-Dade County, Florida",1282,2333,678,472,859,0,16.6,22,19.9,6,7.9,2,3,1.6,4.5,23759
1400000US12086000127,12086000127,"Census Tract 1.27, Miami-Dade County, Florida",1703,3869,1708,110,492,55,6.8,10.4,15.1,17.3,21.6,12,5.5,3.1,3.8,48313
1400000US12086000128,12086000128,"Census Tract 1.28, Miami-Dade County, Florida",871,1665,1038,21,196,7,4.7,14.6,9.6,16.9,16.3,23.4,10.6,1.4,2.5,54732
1400000US12086000129,12086000129,"Census Tract 1.29, Miami-Dade County, Florida",1010,2120,779,36,468,22,2,2.6,0,7.9,17,10.6,12.5,8.6,37.4,120000
1400000US12086000130,12086000130,"Census Tract 1.30, Miami-Dade County, Florida",1426,2602,1022,85,676,24,0,5,12.5,3.6,13.1,7.6,11.8,4.8,27.6,77879
1400000US12086000131,12086000131,"Census Tract 1.31, Miami-Dade County, Florida",936,2243,1104,34,106,34,1,5.9,4.6,11.6,15,31.9,13.7,3.2,10.5,79797
1400000US12086000132,12086000132,"Census Tract 1.32, Miami-Dade County, Florida",3032,5276,2338,299,1314,0,4.8,20.5,14.8,15.6,8.2,5.3,13,2.9,1.9,33675
1400000US12086000133,12086000133,"Census Tract 1.33, Miami-Dade County, Florida",3032,7039,2807,153,1017,107,4.9,3.9,4.7,8.6,9.9,17.2,19.2,12.7,13.3,91748
1400000US12086000134,12086000134,"Census Tract 1.34, Miami-Dade County, Florida",1475,2981,1416,203,437,89,3.7,26.4,13.4,20.9,10.6,8.8,2.6,2.4,1.5,32932
1400000US12086000140,12086000140,"Census Tract 1.40, Miami-Dade County, Florida",1608,3145,1861,118,329,23,1.9,11.4,18.5,12.7,18.5,12.2,8.9,2.4,0.8,39320
1400000US12086000202,12086000202,"Census Tract 2.02, Miami-Dade County, Florida",2265,7826,3513,251,644,183,6.8,10.8,20.3,8.7,21.2,13.1,9.8,0,0,42452
1400000US12086000204,12086000204,"Census Tract 2.04, Miami-Dade County, Florida",1200,4886,2508,81,118,37,7.9,19.3,13,13.5,16.3,9.1,13.8,2.7,0,42644
1400000US12086000206,12086000206,"Census Tract 2.06, Miami-Dade County, Florida",1559,5698,2465,227,304,82,10,13.3,12.2,27,18.5,7.1,2.1,0.8,0.3,37213
1400000US12086000209,12086000209,"Census Tract 2.09, Miami-Dade County, Florida",1965,6531,2753,343,377,169,13.1,27.1,7.8,19.4,9.9,8.9,2.6,0,0,24127
1400000US12086000211,12086000211,"Census Tract 2.11, Miami-Dade County, Florida",1030,3142,1428,55,240,8,5.1,8.3,19.3,18.5,27.6,8.8,7.6,0.7,0,46500
1400000US12086000212,12086000212,"Census Tract 2.12, Miami-Dade County, Florida",1534,4298,1748,327,354,132,18.7,20.5,11.4,18.4,11,4.2,1.8,0.5,0,22959
1400000US12086000213,12086000213,"Census Tract 2.13, Miami-Dade County, Florida",1430,5660,2146,157,250,58,5,12.8,10.4,18.4,13,11.7,9.4,4.5,4.2,45694
1400000US12086000214,12086000214,"Census Tract 2.14, Miami-Dade County, Florida",2175,5744,2451,438,630,228,11.4,14.1,16.2,12.8,12,7.4,6.3,0.5,2.1,29519
1400000US12086000215,12086000215,"Census Tract 2.15, Miami-Dade County, Florida",1099,4116,1615,200,255,105,2.6,12.5,13.9,21,17.8,8.7,8.6,0,0,38304
1400000US12086000216,12086000216,"Census Tract 2.16, Miami-Dade County, Florida",1116,5016,2033,133,174,48,0.7,11.5,9.3,22,29.7,13.2,6.7,1.3,0,51087
1400000US12086000217,12086000217,"Census Tract 2.17, Miami-Dade County, Florida",1632,6499,2680,334,354,137,2.9,10.5,16.9,23.7,8.5,8.4,7.8,2.1,0,35189
1400000US12086000218,12086000218,"Census Tract 2.18, Miami-Dade County, Florida",900,3732,1358,92,153,68,3.7,14.7,16.8,27.3,15.8,8.3,2.8,1.9,0,38333
1400000US12086000219,12086000219,"Census Tract 2.19, Miami-Dade County, Florida",1508,4398,1967,271,342,173,9.9,16.4,10.5,19.9,7.1,5,3.1,1.2,4.8,26307
1400000US12086000220,12086000220,"Census Tract 2.20, Miami-Dade County, Florida",1324,5349,2178,201,264,127,3.9,20.2,14.1,21.1,18.4,3.5,3.8,1.4,0,32333
1400000US12086000301,12086000301,"Census Tract 3.01, Miami-Dade County, Florida",1837,6632,2860,104,278,72,6.8,20.3,14.4,17.3,21.3,7.5,4.2,0,0.7,35856
1400000US12086000302,12086000302,"Census Tract 3.02, Miami-Dade County, Florida",627,2733,1246,38,120,0,3.8,13.7,5.6,13.4,22.2,21.5,2.4,9.4,2.2,61513
1400000US12086000305,12086000305,"Census Tract 3.05, Miami-Dade County, Florida",2122,7568,2890,295,342,175,6.9,20.1,9.6,18.8,16.9,8.6,3.8,2.7,1.6,36090
1400000US12086000306,12086000306,"Census Tract 3.06, Miami-Dade County, Florida",1702,5464,2085,380,510,141,13,18.5,12,11.9,11.8,7.2,4.8,2.2,0,24948
1400000US12086000307,12086000307,"Census Tract 3.07, Miami-Dade County, Florida",1130,4343,2071,48,246,0,4.2,8.3,15.7,15,26.2,13.3,6.2,4.2,0,49750
1400000US12086000308,12086000308,"Census Tract 3.08, Miami-Dade County, Florida",1322,5814,2715,46,278,13,3.3,6.8,10.9,20.1,26,16.7,9.1,1.1,1.9,57857
1400000US12086000402,12086000402,"Census Tract 4.02, Miami-Dade County, Florida",1056,3767,1005,246,530,7,10.8,16.7,12.7,12.8,13,4.2,6.4,2.2,2.4,28304
1400000US12086000403,12086000403,"Census Tract 4.03, Miami-Dade County, Florida",2323,6230,2363,606,831,302,16.1,18.9,6.6,20.1,9.8,6.1,3.5,0,0,22072
1400000US12086000404,12086000404,"Census Tract 4.04, Miami-Dade County, Florida",1794,6165,2326,277,601,79,13.5,19.1,8.6,11.9,16,11.6,9.1,2.7,0.8,36397
1400000US12086000405,12086000405,"Census Tract 4.05, Miami-Dade County, Florida",1102,4616,1925,13,271,0,4.3,13,19.9,17.9,16.5,9.7,9.4,1.8,0,40673
1400000US12086000408,12086000408,"Census Tract 4.08, Miami-Dade County, Florida",1519,4488,1421,340,670,125,11.8,15.6,4.4,15.1,16.9,5.9,3.1,0.4,0,21844
1400000US12086000409,12086000409,"Census Tract 4.09, Miami-Dade County, Florida",1097,4759,1808,61,334,24,6.1,13.5,7.9,14.5,25.2,11.8,3.8,0,0,39494
1400000US12086000410,12086000410,"Census Tract 4.10, Miami-Dade County, Florida",1084,5235,2183,51,143,17,5.7,11.2,12.3,20.1,15,20.2,8.9,1.5,0,45139
1400000US12086000411,12086000411,"Census Tract 4.11, Miami-Dade County, Florida",1657,6292,2536,264,439,151,13.8,19.7,18,24.7,9.9,2.9,1.9,0.8,0,29209
1400000US12086000412,12086000412,"Census Tract 4.12, Miami-Dade County, Florida",1908,6730,2585,199,566,64,4.9,14.6,15,19.9,17.2,4,3.8,2.9,0,33371
1400000US12086000413,12086000413,"Census Tract 4.13, Miami-Dade County, Florida",1261,4933,1691,177,538,20,10.6,11.9,12.5,14.1,15.7,8.6,6.7,3.8,0,34362
1400000US12086000414,12086000414,"Census Tract 4.14, Miami-Dade County, Florida",1549,4736,1652,401,541,163,7,19,9.9,21,10.2,6.6,2.3,1.1,0.8,26089
1400000US12086000501,12086000501,"Census Tract 5.01, Miami-Dade County, Florida",1953,8197,2803,155,650,70,10.7,18.2,15,13.7,15,7.6,4.7,1,0,29702
1400000US12086000503,12086000503,"Census Tract 5.03, Miami-Dade County, Florida",2016,7200,2421,402,784,86,13.6,15.8,15.9,11.9,6.7,3.8,1.6,0,2.2,19314
1400000US12086000504,12086000504,"Census Tract 5.04, Miami-Dade County, Florida",1353,4940,1593,173,399,28,11.4,15.7,8.1,14.3,14.4,9.6,5,0.6,0,29471
1400000US12086000505,12086000505,"Census Tract 5.05, Miami-Dade County, Florida",1750,5954,2356,257,611,21,13.6,13.8,19.6,16.5,12.2,7.4,0.5,0,0,28654
1400000US12086000601,12086000601,"Census Tract 6.01, Miami-Dade County, Florida",1456,5292,1935,83,363,39,10.2,21.3,15.9,10.5,17.9,11.7,5.3,0,0,31250
1400000US12086000602,12086000602,"Census Tract 6.02, Miami-Dade County, Florida",1420,5128,1918,162,528,58,3.5,13,14.4,14.4,23,8.3,5.6,3.9,0.7,40203
1400000US12086000603,12086000603,"Census Tract 6.03, Miami-Dade County, Florida",1489,5135,2410,172,432,31,13.8,12.2,10.1,16.3,17,8,9.3,0.8,0.5,38911
1400000US12086000604,12086000604,"Census Tract 6.04, Miami-Dade County, Florida",1756,6577,2564,147,526,33,7.3,22.8,13.2,10.5,19.1,7.2,8.1,0,1,30948
1400000US12086000605,12086000605,"Census Tract 6.05, Miami-Dade County, Florida",1257,4621,1953,110,283,19,7.8,12.2,17.6,9.5,17.9,12.8,6,1.2,1,34057
1400000US12086000607,12086000607,"Census Tract 6.07, Miami-Dade County, Florida",1393,5510,2071,178,513,16,12.6,20,10.1,15.1,17.9,7.3,3.6,0,0,26919
1400000US12086000608,12086000608,"Census Tract 6.08, Miami-Dade County, Florida",2223,7552,2851,454,856,131,7.3,29.1,14.1,7.8,13.7,3.6,3.8,1.2,0.5,23153
1400000US12086000705,12086000705,"Census Tract 7.05, Miami-Dade County, Florida",1819,4743,2264,489,694,30,18.1,11.7,10.2,20,12.9,4.9,2,1.3,0,25901
1400000US12086000706,12086000706,"Census Tract 7.06, Miami-Dade County, Florida",2706,8289,3152,533,873,124,10.2,18.4,15.4,20.6,15.2,5.6,1.9,1,0,31507
1400000US12086000707,12086000707,"Census Tract 7.07, Miami-Dade County, Florida",1933,7754,3492,56,466,16,10.9,10.9,16,17.7,16.8,9.9,8,1.5,1.9,39792
1400000US12086000708,12086000708,"Census Tract 7.08, Miami-Dade County, Florida",1949,7123,3307,176,555,57,8.2,16.5,10.3,15.5,10.2,18.6,7.1,0,2.6,42924
1400000US12086000709,12086000709,"Census Tract 7.09, Miami-Dade County, Florida",1975,6789,2722,184,719,48,3.8,20.3,13.8,17.4,18.8,1.8,5.4,0,0.9,29334
1400000US12086000710,12086000710,"Census Tract 7.10, Miami-Dade County, Florida",1922,4995,2188,600,644,212,20.2,21.6,14.6,12.6,2.1,2.1,2.1,0,0,17152
1400000US12086000711,12086000711,"Census Tract 7.11, Miami-Dade County, Florida",1716,5165,1889,328,741,14,11.9,16.6,14.9,12.1,11.5,5.8,3.3,0,0.6,23207
1400000US12086000712,12086000712,"Census Tract 7.12, Miami-Dade County, Florida",789,2516,950,49,207,26,11.9,12.8,22.8,20.9,8.4,4.4,3,0.8,0,27713
1400000US12086000804,12086000804,"Census Tract 8.04, Miami-Dade County, Florida",1393,5117,2046,186,421,58,9.2,20.4,8.3,13.1,16.7,4.7,7,0,0.4,27596
1400000US12086000805,12086000805,"Census Tract 8.05, Miami-Dade County, Florida",1613,6216,2665,236,564,89,6.5,19.5,21.2,10.3,13.1,8.8,7.3,0.8,0.7,30408
1400000US12086000806,12086000806,"Census Tract 8.06, Miami-Dade County, Florida",1645,4942,1981,250,466,67,14.5,28.1,21.5,7.7,13.6,2,2,0,0,23159
1400000US12086000807,12086000807,"Census Tract 8.07, Miami-Dade County, Florida",1504,4141,1410,341,533,117,22.6,25.6,11,5.7,4,0.3,0,1.7,0,14612
1400000US12086000808,12086000808,"Census Tract 8.08, Miami-Dade County, Florida",1330,4273,1704,135,414,8,7.3,24.3,15.9,13.1,16.4,5.1,1.1,0,0,25490
1400000US12086000901,12086000901,"Census Tract 9.01, Miami-Dade County, Florida",1934,7508,3438,257,485,81,10.9,20.6,13,15.4,19.4,6.4,4.5,4.1,0,34500
1400000US12086000902,12086000902,"Census Tract 9.02, Miami-Dade County, Florida",1722,6271,2566,142,497,40,6.9,14.1,15.6,9.7,18.9,11.7,4.9,0.4,0,30086
1400000US12086000903,12086000903,"Census Tract 9.03, Miami-Dade County, Florida",777,2549,1029,141,270,43,10.2,21.1,14,15.6,7.7,8.9,5.3,0,0.8,26094
1400000US12086001002,12086001002,"Census Tract 10.02, Miami-Dade County, Florida",1705,5320,2119,311,601,80,5.5,11.6,10,17.4,18.5,11.6,10.5,1.2,2.2,45329
1400000US12086001003,12086001003,"Census Tract 10.03, Miami-Dade County, Florida",1566,5218,1819,287,591,83,8.4,19.3,10.9,11.8,19.6,3.1,8.4,0,0,29123
1400000US12086001004,12086001004,"Census Tract 10.04, Miami-Dade County, Florida",1800,6003,1857,276,561,129,11.6,21.3,15.6,15.1,13.3,5.9,1.8,0,0,26360
1400000US12086001005,12086001005,"Census Tract 10.05, Miami-Dade County, Florida",737,2004,530,236,340,69,8.5,19.9,20.5,9.4,9.8,7.5,1.2,0.9,1.4,25205
1400000US12086001006,12086001006,"Census Tract 10.06, Miami-Dade County, Florida",1402,5166,1995,318,365,144,11.5,18.5,12.4,11.6,8.4,12,5.3,1.7,0.6,29148
1400000US12086001101,12086001101,"Census Tract 11.01, Miami-Dade County, Florida",1400,6011,2430,52,171,24,7.9,16.8,13.1,13.5,17.1,11.4,12.4,3.6,0.9,46164
1400000US12086001102,12086001102,"Census Tract 11.02, Miami-Dade County, Florida",1063,5650,1825,94,225,8,5.9,11.3,16.4,7.5,16.3,8.2,12,5.2,8.1,49479
1400000US12086001103,12086001103,"Census Tract 11.03, Miami-Dade County, Florida",1215,3865,1489,104,295,81,2.1,5.6,14.3,21.6,25,4.8,8.1,0,1.2,41776
1400000US12086001104,12086001104,"Census Tract 11.04, Miami-Dade County, Florida",1647,4876,2482,62,277,46,2.7,8.6,11.1,9.3,11.4,11.6,21.1,9.8,11.5,79940
1400000US12086001203,12086001203,"Census Tract 12.03, Miami-Dade County, Florida",2578,7155,3015,388,613,239,6.7,20.5,15,22.4,9.7,7.8,3.4,2.4,1.9,32331
1400000US12086001204,12086001204,"Census Tract 12.04, Miami-Dade County, Florida",2582,5395,2628,296,909,99,15.2,17.2,5.7,11.2,11,8.1,14.9,4.7,1.9,39929
1400000US12086001205,12086001205,"Census Tract 12.05, Miami-Dade County, Florida",1157,3603,1887,19,150,11,0,6.7,6.9,10.7,16.2,7.1,26.1,7.5,13.7,95987
1400000US12086001206,12086001206,"Census Tract 12.06, Miami-Dade County, Florida",1971,3973,1866,170,673,76,8.8,5.4,10.2,11.9,10.5,14.5,15.6,3.7,6.4,50613
1400000US12086001301,12086001301,"Census Tract 13.01, Miami-Dade County, Florida",1904,4163,1850,663,699,277,14.5,19,11.9,11.4,11.1,7.5,4.3,3.5,1.2,25900
1400000US12086001302,12086001302,"Census Tract 13.02, Miami-Dade County, Florida",2601,6264,3490,233,349,131,6.7,12.4,5.3,12.9,23.3,11,11.6,4.5,7.5,57359
1400000US12086001401,12086001401,"Census Tract 14.01, Miami-Dade County, Florida",1636,5562,1870,652,642,275,11,24.2,11.6,15,3.4,3.4,3.6,1.7,1,21444
1400000US12086001402,12086001402,"Census Tract 14.02, Miami-Dade County, Florida",1919,6250,1582,729,1052,128,9.8,17.4,9.2,12.8,4.3,0.4,1.6,0,0.5,11988
1400000US12086001501,12086001501,"Census Tract 15.01, Miami-Dade County, Florida",1066,4062,658,556,665,130,10.9,21,5.6,8.1,1,2,0.5,0,0.8,9985
1400000US12086001502,12086001502,"Census Tract 15.02, Miami-Dade County, Florida",1088,3813,918,392,506,169,12.4,21.7,11.2,8.1,4.8,4.6,3.5,0,0,17687
1400000US12086001602,12086001602,"Census Tract 16.02, Miami-Dade County, Florida",1852,6478,2423,187,600,31,12.1,17.3,9.2,16,17.4,6.6,1.6,1.4,0.4,26932
1400000US12086001603,12086001603,"Census Tract 16.03, Miami-Dade County, Florida",966,3181,1329,115,329,0,12.8,17.9,18.6,8.1,19.9,2,7.3,2.6,0,29375
1400000US12086001605,12086001605,"Census Tract 16.05, Miami-Dade County, Florida",1625,3872,1363,495,667,71,18.1,26.2,14.2,12.5,3,2.2,0,0,0,18504
1400000US12086001606,12086001606,"Census Tract 16.06, Miami-Dade County, Florida",1506,4889,1917,251,507,30,10.6,15.3,15.9,8.2,19.7,5.2,4.4,0,0,25747
1400000US12086001701,12086001701,"Census Tract 17.01, Miami-Dade County, Florida",1298,4489,1320,278,502,82,11.3,22.8,18,6.8,12.1,2.1,2.6,1.3,0,20863
1400000US12086001702,12086001702,"Census Tract 17.02, Miami-Dade County, Florida",819,2382,963,74,275,10,1.3,28.6,12.3,14.2,18.2,8.4,0.4,0,0.5,26847
1400000US12086001703,12086001703,"Census Tract 17.03, Miami-Dade County, Florida",1516,5371,2240,262,446,105,7.7,19.7,10.8,12.5,20.1,7.1,0.9,0,0,25714
1400000US12086001801,12086001801,"Census Tract 18.01, Miami-Dade County, Florida",1213,3801,1016,285,586,112,12.4,26.9,10.4,8.8,10.9,4.6,1.2,0,0,19395
1400000US12086001802,12086001802,"Census Tract 18.02, Miami-Dade County, Florida",1210,3973,1228,315,522,92,5.5,18.6,9.8,21.9,13.2,4.8,1.6,0,1.2,26271
1400000US12086001803,12086001803,"Census Tract 18.03, Miami-Dade County, Florida",1123,3234,735,480,657,101,23.4,12.5,11.8,10.2,2.9,1.5,1,0,0,12575
1400000US12086001901,12086001901,"Census Tract 19.01, Miami-Dade County, Florida",1381,3491,1204,556,512,262,7.6,23.5,11.4,18.8,9.7,5.2,1.4,0,0,23190
1400000US12086001903,12086001903,"Census Tract 19.03, Miami-Dade County, Florida",1126,3348,951,268,476,115,18,20.6,13.8,11.9,9.1,0.5,1.1,0,0,20427
1400000US12086001904,12086001904,"Census Tract 19.04, Miami-Dade County, Florida",1259,3630,1059,287,611,79,6.2,27.6,16.7,13.8,7.2,2.3,0,0,0,21824
1400000US12086002001,12086002001,"Census Tract 20.01, Miami-Dade County, Florida",1276,3762,1027,606,595,191,5.1,22.2,18.6,12.3,3.6,1.6,0,2,0,16715
1400000US12086002003,12086002003,"Census Tract 20.03, Miami-Dade County, Florida",1061,3344,991,366,450,122,7.3,19.7,17.1,14.6,8,6.7,1.4,0.8,0.8,24715
1400000US12086002004,12086002004,"Census Tract 20.04, Miami-Dade County, Florida",985,2932,1144,308,350,152,9.8,18.5,21.3,8.8,15.2,3.4,1.9,0,0.6,25488
1400000US12086002100,12086002100,"Census Tract 21, Miami-Dade County, Florida",949,2605,1279,121,197,79,1.4,10.4,6.6,15.3,17.5,9.1,14.5,0.6,15.4,63162
1400000US12086002201,12086002201,"Census Tract 22.01, Miami-Dade County, Florida",1132,3766,1883,97,164,55,4.1,17.3,11.5,20.3,21.1,6.1,5.1,2.7,3,37350
1400000US12086002202,12086002202,"Census Tract 22.02, Miami-Dade County, Florida",1686,6155,2349,435,514,133,6.6,18.7,15.4,12.2,12,7.5,6,1.5,0,26970
1400000US12086002300,12086002300,"Census Tract 23, Miami-Dade County, Florida",1454,5206,1718,251,441,146,10.9,12.4,14.7,19.3,12.6,7.6,5.8,0,0.4,31014
1400000US12086002402,12086002402,"Census Tract 24.02, Miami-Dade County, Florida",1730,5266,2185,329,496,152,12.7,16.4,22.9,13.6,12.1,4.4,2.3,0,0,27095
1400000US12086002403,12086002403,"Census Tract 24.03, Miami-Dade County, Florida",1261,4445,2150,160,358,52,8.4,25.5,20.8,11.7,10.6,7.1,2.5,2.6,2.5,30496
1400000US12086002404,12086002404,"Census Tract 24.04, Miami-Dade County, Florida",1914,5031,1642,683,895,176,13.4,20.3,14.4,6,6.4,2.2,1.4,0,0,15170
1400000US12086002501,12086002501,"Census Tract 25.01, Miami-Dade County, Florida",1566,5038,1837,299,571,121,10.9,31.1,17.5,7.1,10.5,1.6,2.4,0.8,2.2,22002
1400000US12086002502,12086002502,"Census Tract 25.02, Miami-Dade County, Florida",1183,5151,1452,335,311,176,11.8,23.2,15.7,11.9,7.9,3.6,2.5,0,0.7,22289
1400000US12086002600,12086002600,"Census Tract 26, Miami-Dade County, Florida",1973,6068,2423,486,450,273,13.3,10.7,9.2,14.8,13.4,9.8,6,2.9,2.4,34697
1400000US12086002702,12086002702,"Census Tract 27.02, Miami-Dade County, Florida",1061,3123,1511,242,186,192,7.1,18.9,16,11.5,17.5,8.6,3.9,4.1,0.8,33218
1400000US12086002703,12086002703,"Census Tract 27.03, Miami-Dade County, Florida",3171,5770,4104,364,255,290,0.9,7.1,7.1,13.7,17.4,13.7,19.8,5.3,11.3,75388
1400000US12086002705,12086002705,"Census Tract 27.05, Miami-Dade County, Florida",1281,2787,1898,127,199,63,2.4,11.6,9.6,11.7,19.9,11.9,18.6,3.3,4.8,61392
1400000US12086002706,12086002706,"Census Tract 27.06, Miami-Dade County, Florida",1789,3349,2329,211,287,125,5.5,6,19.6,13.4,24.8,6.1,10.6,0.8,3.2,45692
1400000US12086002800,12086002800,"Census Tract 28, Miami-Dade County, Florida",426,1548,493,202,225,49,19.5,23.7,12.7,4.9,3.3,2.3,0.9,3.1,0,15167
1400000US12086002900,12086002900,"Census Tract 29, Miami-Dade County, Florida",1731,7085,2448,263,450,119,11.1,25,18.8,16.1,13.6,2.1,4.4,0,0,26702
1400000US12086003001,12086003001,"Census Tract 30.01, Miami-Dade County, Florida",935,2253,770,251,439,50,13.4,13.7,6.8,14.7,8.2,1.4,7.2,0.3,3.9,18185
1400000US12086003003,12086003003,"Census Tract 30.03, Miami-Dade County, Florida",2208,6958,3223,481,610,196,13.4,14.6,22.8,12.6,12.4,2.7,2.2,0,0,25824
1400000US12086003004,12086003004,"Census Tract 30.04, Miami-Dade County, Florida",1746,4530,1737,653,774,160,15.9,17,9.6,13.1,7.7,3.6,3,0,0,16619
1400000US12086003100,12086003100,"Census Tract 31, Miami-Dade County, Florida",1510,4439,927,700,919,179,18.1,15,8.3,3.6,10.3,7,0,0.3,0,12448
1400000US12086003400,12086003400,"Census Tract 34, Miami-Dade County, Florida",790,1688,496,421,398,156,19.2,16.5,11.5,13.9,8.9,1.4,0,0,0,16328
1400000US12086003601,12086003601,"Census Tract 36.01, Miami-Dade County, Florida",1514,3535,972,625,820,112,17.1,19.4,6.7,11.8,7.4,1.7,0,1.3,0,14000
1400000US12086003602,12086003602,"Census Tract 36.02, Miami-Dade County, Florida",2931,7203,2967,1160,1126,290,15.5,15.1,9.3,16.1,7.6,3.5,1.7,1,0.5,17641
1400000US12086003702,12086003702,"Census Tract 37.02, Miami-Dade County, Florida",2061,3827,2482,222,461,140,3.3,4.6,7.3,10.1,20.6,9.8,11.3,5.2,11,58884
1400000US12086003703,12086003703,"Census Tract 37.03, Miami-Dade County, Florida",777,1591,1021,86,117,40,0,15.2,1.9,4.8,17.4,18.8,9.3,5.7,13.3,66593
1400000US12086003704,12086003704,"Census Tract 37.04, Miami-Dade County, Florida",777,1479,897,235,178,122,6.9,15.4,10,22.8,14.2,11.3,4.5,0,0,35459
1400000US12086003705,12086003705,"Census Tract 37.05, Miami-Dade County, Florida",647,1209,788,16,48,16,4,4.5,3.7,13.9,28,8.8,19,9.4,1.4,63836
1400000US12086003706,12086003706,"Census Tract 37.06, Miami-Dade County, Florida",0,1316,0,0,0,0,-,-,-,-,-,-,-,-,-,-
1400000US12086003707,12086003707,"Census Tract 37.07, Miami-Dade County, Florida",704,1174,653,176,234,73,14.6,11.2,2.8,8.2,15.6,15.8,11.2,0,0.7,35982
1400000US12086003801,12086003801,"Census Tract 38.01, Miami-Dade County, Florida",2607,5908,2655,287,739,116,3.4,14.6,8.7,10.3,20.3,9.2,8.8,2.5,14.2,55466
1400000US12086003803,12086003803,"Census Tract 38.03, Miami-Dade County, Florida",1412,2605,982,269,720,22,5.9,7.1,8,18.8,13.3,8.2,12.2,1.1,14.7,49352
1400000US12086003804,12086003804,"Census Tract 38.04, Miami-Dade County, Florida",2215,5927,2314,103,689,15,4,8.5,4.9,13.4,17.4,10.8,12.5,5.3,16.9,70042
1400000US12086003906,12086003906,"Census Tract 39.06, Miami-Dade County, Florida",1000,3245,1269,45,193,5,3.4,2.2,0.6,1.8,8.6,11.6,14.5,9.3,46,173077
1400000US12086003909,12086003909,"Census Tract 39.09, Miami-Dade County, Florida",871,1466,633,318,382,77,13.4,18.5,12.1,9.6,11.6,4,9.2,0.6,0,22875
1400000US12086003911,12086003911,"Census Tract 39.11, Miami-Dade County, Florida",2157,4688,2448,814,701,494,14.5,22.7,18.5,15.9,11.1,2.5,2.6,0,1.8,27628
1400000US12086003912,12086003912,"Census Tract 39.12, Miami-Dade County, Florida",1624,4797,2143,306,480,161,3.1,21.2,10.2,10.6,18.2,3.9,5.8,2.7,12.4,39083
1400000US12086003913,12086003913,"Census Tract 39.13, Miami-Dade County, Florida",2269,4844,2790,691,446,429,7,20,16.7,21.4,11,6.7,4.1,0,2.6,30417
1400000US12086003914,12086003914,"Census Tract 39.14, Miami-Dade County, Florida",1995,3698,1884,758,586,377,10.1,20.8,9.4,8.6,19,9.6,3.4,0.5,3.8,30463
1400000US12086003915,12086003915,"Census Tract 39.15, Miami-Dade County, Florida",2128,4866,2449,747,454,456,8.9,21.3,13.5,14.5,8.2,15,5.3,1.6,0.4,30547
1400000US12086003916,12086003916,"Census Tract 39.16, Miami-Dade County, Florida",1579,3802,2446,192,154,115,5.1,16.1,9.9,18,17.4,6.3,6.2,6.8,5.1,43693
1400000US12086003917,12086003917,"Census Tract 39.17, Miami-Dade County, Florida",1950,4910,2661,116,375,73,2.5,14.1,6.3,24.7,15.1,12.1,6.8,5.2,7.7,46897
1400000US12086003918,12086003918,"Census Tract 39.18, Miami-Dade County, Florida",1247,2543,1725,107,199,48,6.6,6.2,5.6,14.4,23.1,6.7,13.5,7.3,5.6,55292
1400000US12086003919,12086003919,"Census Tract 39.19, Miami-Dade County, Florida",1133,2343,1088,179,356,18,2.5,7.5,10.3,1.8,25.1,10.6,15.3,3.1,17.1,72215
1400000US12086003921,12086003921,"Census Tract 39.21, Miami-Dade County, Florida",1407,2776,1320,108,439,48,3.8,13.5,13.3,8,10.2,4.3,19.1,7.1,14,64261
1400000US12086003922,12086003922,"Census Tract 39.22, Miami-Dade County, Florida",1323,3009,1252,169,491,94,1.8,10.9,9.6,14,13,7.5,20.2,6.2,7.9,56063
1400000US12086004000,12086004000,"Census Tract 40, Miami-Dade County, Florida",2006,5620,2360,142,562,22,3.2,7.4,8.1,16.6,13.2,10.2,13.3,7,14.1,60407
1400000US12086004102,12086004102,"Census Tract 41.02, Miami-Dade County, Florida",1502,2855,1622,95,387,33,2,6.1,10.7,2.3,20.6,4.1,15.3,12.5,21.2,90625
1400000US12086004103,12086004103,"Census Tract 41.03, Miami-Dade County, Florida",1820,3361,1494,459,613,240,13.7,16.5,9.6,23.1,5.9,5.8,6.5,5.6,1.1,31875
1400000US12086004105,12086004105,"Census Tract 41.05, Miami-Dade County, Florida",1269,2780,1754,232,304,112,2.9,15.4,10.6,10.9,13.2,9,19.1,3.9,9.5,62891
1400000US12086004106,12086004106,"Census Tract 41.06, Miami-Dade County, Florida",1492,3966,1935,101,261,68,4.6,10.1,4.3,6.5,11.3,9.4,11.3,12.5,24,97708
1400000US12086004203,12086004203,"Census Tract 42.03, Miami-Dade County, Florida",2527,4596,3090,477,453,300,9.1,4.6,13,14.2,15.5,13.8,15.1,4.7,3.7,55216
1400000US12086004204,12086004204,"Census Tract 42.04, Miami-Dade County, Florida",1141,2053,1406,521,216,319,5.6,18.9,18.8,11.7,11.7,7.7,7.5,0,6.7,31706
1400000US12086004205,12086004205,"Census Tract 42.05, Miami-Dade County, Florida",1332,2673,1844,511,355,289,11,15.8,14.7,10.7,16.1,8,8.1,3.5,4.1,38250
1400000US12086004206,12086004206,"Census Tract 42.06, Miami-Dade County, Florida",904,1703,1149,404,267,231,3.7,12.8,8,18.4,12.6,1.4,3.9,7.9,8.2,36250
1400000US12086004301,12086004301,"Census Tract 43.01, Miami-Dade County, Florida",1265,1879,1288,271,224,93,4.3,12.5,5.5,12.7,10.6,17.9,21.4,9.1,1.3,74676
1400000US12086004303,12086004303,"Census Tract 43.03, Miami-Dade County, Florida",1461,2257,1389,549,389,320,7.8,9.5,13.8,9.2,23.1,6,6.6,2.4,0,32846
1400000US12086004304,12086004304,"Census Tract 43.04, Miami-Dade County, Florida",1426,2821,1757,346,308,214,4.6,11.4,6.3,18.7,16.5,13.9,11.5,4.1,4.4,50972
1400000US12086004403,12086004403,"Census Tract 44.03, Miami-Dade County, Florida",1445,2797,1688,550,323,397,6.3,16.1,18.5,12.2,9.4,10,7.1,1.5,3.2,30613
1400000US12086004404,12086004404,"Census Tract 44.04, Miami-Dade County, Florida",1317,1878,759,663,679,194,17.2,20.9,8,14,8.8,1.7,8.4,0,0.5,19295
1400000US12086004405,12086004405,"Census Tract 44.05, Miami-Dade County, Florida",1752,3674,2540,1013,487,631,11.8,17.3,18.7,10.6,10.2,12.2,3.5,0.6,0.6,30350
1400000US12086004406,12086004406,"Census Tract 44.06, Miami-Dade County, Florida",1427,2383,1655,484,313,324,2,13.6,8.1,10.4,19.8,9.5,10.2,6.9,7.6,52617
1400000US12086004500,12086004500,"Census Tract 45, Miami-Dade County, Florida",2122,4011,1743,482,893,63,5.3,11.8,5.5,4.2,11.1,6,6.1,6.8,28.5,68176
1400000US12086004602,12086004602,"Census Tract 46.02, Miami-Dade County, Florida",1142,4265,1698,9,173,0,2.5,2.7,2,5.3,4.8,9.9,17.1,10.3,44.2,166313
1400000US12086004605,12086004605,"Census Tract 46.05, Miami-Dade County, Florida",1329,3451,1068,52,516,42,3.2,3.1,12.3,12.7,7.1,13.8,15.4,12.3,12.9,82985
1400000US12086004607,12086004607,"Census Tract 46.07, Miami-Dade County, Florida",1159,3142,1181,32,384,13,1.6,5.4,3.9,5.5,10.9,6.7,16.9,5.6,41.9,140972
1400000US12086004608,12086004608,"Census Tract 46.08, Miami-Dade County, Florida",657,1916,866,15,163,0,0,4.1,5.6,6.2,16.9,13.4,24,8.7,17.4,100048
1400000US12086004701,12086004701,"Census Tract 47.01, Miami-Dade County, Florida",1966,5810,2836,104,383,68,0.7,9.1,12.7,12.4,16.9,11.2,17.2,13.3,2.7,70306
1400000US12086004702,12086004702,"Census Tract 47.02, Miami-Dade County, Florida",2216,6068,3089,134,479,54,7,12.3,14.7,13.3,15.3,14.4,10,2.8,4.6,45833
1400000US12086004703,12086004703,"Census Tract 47.03, Miami-Dade County, Florida",1755,5009,2519,199,328,61,7,15.2,9.6,17.3,18.5,8.8,7.7,0.6,6,39426
1400000US12086004901,12086004901,"Census Tract 49.01, Miami-Dade County, Florida",1260,3321,1576,172,283,53,14,27.1,16.3,15.4,10.2,1.7,1,0,0,23556
1400000US12086004902,12086004902,"Census Tract 49.02, Miami-Dade County, Florida",2211,6980,3298,387,572,130,14.3,10.3,19.7,21.4,12.3,6.1,4.1,0,2.9,32181
1400000US12086005001,12086005001,"Census Tract 50.01, Miami-Dade County, Florida",2162,8358,3600,186,537,30,3.1,25.3,13.6,21.1,11.6,6.3,9.2,1.5,0,34808
1400000US12086005002,12086005002,"Census Tract 50.02, Miami-Dade County, Florida",1804,5856,2524,425,679,68,7.5,20.9,14.9,14.7,13.7,7.7,3.2,0.3,0,26990
1400000US12086005102,12086005102,"Census Tract 51.02, Miami-Dade County, Florida",1871,4014,1551,657,1061,46,15.1,9.8,3.4,11.7,8.9,6.5,6.3,0.7,0.4,14430
1400000US12086005103,12086005103,"Census Tract 51.03, Miami-Dade County, Florida",894,2529,953,188,383,25,10.6,18.8,15.9,12.9,9.6,2,2.3,0.7,1.3,19569
1400000US12086005104,12086005104,"Census Tract 51.04, Miami-Dade County, Florida",1445,3725,1720,264,441,66,11.5,25,12.7,10,13.8,0.6,2.4,0,0,20859
1400000US12086005201,12086005201,"Census Tract 52.01, Miami-Dade County, Florida",1999,5565,2176,897,737,350,24.7,18.5,17,14.3,4.3,0,0.6,0,0,16410
1400000US12086005202,12086005202,"Census Tract 52.02, Miami-Dade County, Florida",1740,6026,2809,639,502,333,10.7,23.8,11.8,14.9,17.2,2.4,2.6,0,0,24510
1400000US12086005302,12086005302,"Census Tract 53.02, Miami-Dade County, Florida",2911,7154,2951,1247,1177,498,16,24.5,12.7,11.3,5,0,0,0,1.8,16258
1400000US12086005303,12086005303,"Census Tract 53.03, Miami-Dade County, Florida",1317,3417,1527,518,445,258,11.1,22.9,21.9,15,4.9,1.6,0,0,0,21261
1400000US12086005304,12086005304,"Census Tract 53.04, Miami-Dade County, Florida",1827,4551,1747,757,727,287,16.2,17.8,11.9,15.8,8.4,0.9,0,0,0,17197
1400000US12086005403,12086005403,"Census Tract 54.03, Miami-Dade County, Florida",473,1300,727,85,103,19,7.2,29,17.5,17.5,11,4.4,0,0,0.8,25451
1400000US12086005405,12086005405,"Census Tract 54.05, Miami-Dade County, Florida",1176,3380,1774,260,295,131,10.4,17.1,20.2,15.5,7.8,2.6,6.2,0.9,0,27372
1400000US12086005406,12086005406,"Census Tract 54.06, Miami-Dade County, Florida",1210,4198,1875,400,416,125,14.1,21.3,20.3,18.8,8.8,3.6,3.3,0,0,26392
1400000US12086005407,12086005407,"Census Tract 54.07, Miami-Dade County, Florida",832,2172,1018,173,308,33,20,22.4,10.1,10,3.5,9.9,5.2,1.6,3.7,23644
1400000US12086005409,12086005409,"Census Tract 54.09, Miami-Dade County, Florida",1391,3714,1486,545,588,176,15,18.2,11.2,13.4,6.9,5.8,0,0,0,16977
1400000US12086005410,12086005410,"Census Tract 54.10, Miami-Dade County, Florida",1268,3286,1503,393,366,164,18.4,30,18.1,7,11.4,0.6,3.7,0,0,21746
1400000US12086005501,12086005501,"Census Tract 55.01, Miami-Dade County, Florida",2061,6435,3063,196,708,20,8.2,19.5,18.8,16.5,13.1,5.2,5.1,2.9,0,28529
1400000US12086005502,12086005502,"Census Tract 55.02, Miami-Dade County, Florida",2410,6993,2375,487,1036,44,11,25.2,13.7,7.3,16.3,2.4,4.7,0.5,1.8,23492
1400000US12086005600,12086005600,"Census Tract 56, Miami-Dade County, Florida",1817,5454,2222,121,482,8,4.8,25.8,6.3,18.9,15.9,8.5,8.6,2.1,3.4,38664
1400000US12086005701,12086005701,"Census Tract 57.01, Miami-Dade County, Florida",2264,6471,2696,284,866,0,10,16.5,18.7,17.8,11.3,4.7,7.2,2.1,0.4,31292
1400000US12086005703,12086005703,"Census Tract 57.03, Miami-Dade County, Florida",2806,6908,3264,548,881,78,5.6,15.7,13.1,26.8,12.1,2.9,7.9,0,0.3,35000
1400000US12086005704,12086005704,"Census Tract 57.04, Miami-Dade County, Florida",2887,7879,3402,565,966,201,19,21.7,12.2,7.9,14.7,2.5,4.8,1,0.9,21952
1400000US12086005801,12086005801,"Census Tract 58.01, Miami-Dade County, Florida",2596,8216,3611,231,819,40,5.7,11.5,15.1,17.7,19,6.9,9.9,1.8,1.4,38854
1400000US12086005802,12086005802,"Census Tract 58.02, Miami-Dade County, Florida",3156,9961,3982,332,1178,48,14.2,16.6,16.2,15.2,15.4,4,4,1.3,0,27113
1400000US12086005901,12086005901,"Census Tract 59.01, Miami-Dade County, Florida",1426,4320,1981,124,313,36,10.2,9,17.9,12.9,10.7,12.8,12.1,1.3,1.9,36742
1400000US12086005902,12086005902,"Census Tract 59.02, Miami-Dade County, Florida",1249,3936,1483,148,377,37,10.6,21.5,8,15.9,16.3,9.4,6,2.3,0,34583
1400000US12086005903,12086005903,"Census Tract 59.03, Miami-Dade County, Florida",1558,6043,2551,32,272,0,4.4,16.8,16.8,17.3,16.8,11.7,6.7,2.2,2.6,42456
1400000US12086005904,12086005904,"Census Tract 59.04, Miami-Dade County, Florida",1425,4364,2148,77,371,14,9,15.2,9.8,15.8,20.4,8.4,11.5,3.6,2.5,44621
1400000US12086006001,12086006001,"Census Tract 60.01, Miami-Dade County, Florida",2178,7025,3284,152,516,51,2.9,11.2,10.1,12.2,19.7,12,12.2,9.4,3.1,55750
1400000US12086006002,12086006002,"Census Tract 60.02, Miami-Dade County, Florida",1672,5827,2489,34,532,0,4.4,7.6,8.4,17.9,21.2,9.2,14.1,6.3,3.8,54712
1400000US12086006101,12086006101,"Census Tract 61.01, Miami-Dade County, Florida",2024,5773,2741,79,440,15,0.6,5.6,5.2,12,9.4,11,16.2,14.7,21.4,108700
1400000US12086006102,12086006102,"Census Tract 61.02, Miami-Dade County, Florida",2657,6526,3162,34,566,0,3.1,6,5.5,9,10.5,12.6,14.1,8.2,25.1,92938
1400000US12086006201,12086006201,"Census Tract 62.01, Miami-Dade County, Florida",1120,2740,1393,105,381,36,7,14,8.3,8,14.4,10.2,13.2,3.1,1.9,42581
1400000US12086006203,12086006203,"Census Tract 62.03, Miami-Dade County, Florida",1105,1773,1169,108,240,59,0.7,9.1,9.6,6.1,21.2,6.4,13,14.4,4.5,63750
1400000US12086006205,12086006205,"Census Tract 62.05, Miami-Dade County, Florida",2014,3915,2391,236,350,166,5.7,15.8,17.6,14.3,13.7,4.2,11.1,5.2,0.9,34655
1400000US12086006206,12086006206,"Census Tract 62.06, Miami-Dade County, Florida",1515,2761,1638,161,361,75,8,2,12.5,15.2,7.7,10,13.9,8.1,10.9,55592
1400000US12086006301,12086006301,"Census Tract 63.01, Miami-Dade County, Florida",2596,6739,3360,599,861,197,5.5,19.3,14,13.9,17.7,2,5.7,0.8,0.6,26930
1400000US12086006302,12086006302,"Census Tract 63.02, Miami-Dade County, Florida",1748,4859,2234,168,464,24,6.6,16,18.3,12.9,15,9.3,6.5,2.6,1.2,33703
1400000US12086006401,12086006401,"Census Tract 64.01, Miami-Dade County, Florida",1278,3781,1748,295,435,87,16.8,18.5,14.6,8.6,18.2,2.5,4.6,2.9,0,25616
1400000US12086006402,12086006402,"Census Tract 64.02, Miami-Dade County, Florida",1152,3697,1824,182,226,136,5.2,21.3,14.1,12.8,10.7,9.5,4.2,7.3,5.5,33750
1400000US12086006403,12086006403,"Census Tract 64.03, Miami-Dade County, Florida",1286,3640,1567,355,376,148,12.4,20.4,9.6,19.3,11.9,6.3,5.5,3,0.6,32972
1400000US12086006501,12086006501,"Census Tract 65.01, Miami-Dade County, Florida",1103,3409,1220,125,408,66,5.9,23.2,18.4,8.8,10.7,8.1,10.1,0,0.8,28338
1400000US12086006503,12086006503,"Census Tract 65.03, Miami-Dade County, Florida",957,2792,1180,81,282,34,8,19.2,12.2,13.4,14.7,9.1,7.2,5.5,1,35594
1400000US12086006504,12086006504,"Census Tract 65.04, Miami-Dade County, Florida",857,2523,1252,80,226,10,0.6,17,10.3,16.5,17.3,8.6,13,3.5,6.9,49323
1400000US12086006601,12086006601,"Census Tract 66.01, Miami-Dade County, Florida",2708,7797,3901,433,665,256,12.1,11.2,14.3,16.2,8.8,10,9,3.4,3.5,35367
1400000US12086006602,12086006602,"Census Tract 66.02, Miami-Dade County, Florida",2269,4937,2561,658,490,442,12.1,19.1,15.6,9.9,12,3.7,7.3,3.6,1.5,26150
1400000US12086006702,12086006702,"Census Tract 67.02, Miami-Dade County, Florida",4491,8846,5589,260,944,130,1.6,6.9,6.5,13.5,15.4,14.1,15.5,7.5,6.8,62332
1400000US12086006705,12086006705,"Census Tract 67.05, Miami-Dade County, Florida",1800,2886,1357,216,610,36,1.3,10.7,4.3,7.8,11.7,11.9,14.7,7.2,15.1,72332
1400000US12086006706,12086006706,"Census Tract 67.06, Miami-Dade County, Florida",1360,2392,1488,21,261,0,5.7,3.8,8.2,11.6,12.7,11.4,17.8,2.5,14.5,73312
1400000US12086006707,12086006707,"Census Tract 67.07, Miami-Dade County, Florida",1981,4309,2630,30,139,15,1.2,1.2,6.7,6.7,6.1,7.3,21.3,27.7,17.7,131161
1400000US12086006709,12086006709,"Census Tract 67.09, Miami-Dade County, Florida",644,977,738,36,79,22,2.8,0,5.7,4.3,17.5,5,25.5,5.7,24.2,125705
1400000US12086006711,12086006711,"Census Tract 67.11, Miami-Dade County, Florida",1284,2350,1499,22,152,0,1.9,3.7,4.2,10.7,15.5,17.7,18.1,4.3,10.9,77879
1400000US12086006713,12086006713,"Census Tract 67.13, Miami-Dade County, Florida",806,1899,965,140,89,140,0.5,20.5,2.5,10.4,15,12.2,19.6,3.6,8.4,67188
1400000US12086006714,12086006714,"Census Tract 67.14, Miami-Dade County, Florida",894,1939,1016,15,167,15,2.5,6.5,7.8,12.9,16.7,8.5,10.5,8.7,17.7,72865
1400000US12086006801,12086006801,"Census Tract 68.01, Miami-Dade County, Florida",1315,2800,1480,39,298,29,0,4.3,4.2,14.8,11.6,12,19.7,5.2,19.2,90152
1400000US12086006802,12086006802,"Census Tract 68.02, Miami-Dade County, Florida",1589,3974,1929,116,395,0,4.1,7.1,1.3,3.7,7.4,7.7,15.9,11.9,34.4,140469
1400000US12086006900,12086006900,"Census Tract 69, Miami-Dade County, Florida",2285,6200,3216,172,472,100,8.6,12.3,13.3,17.9,11.4,17.4,6.1,4.9,3.7,39799
1400000US12086007001,12086007001,"Census Tract 70.01, Miami-Dade County, Florida",3362,9274,4819,405,755,208,9.2,13.3,14.2,14.5,17.4,10.6,8.9,1.7,1.8,39419
1400000US12086007002,12086007002,"Census Tract 70.02, Miami-Dade County, Florida",2585,7726,3526,344,605,119,9.6,10.2,15.2,16.3,15.2,10.9,6.2,2.3,2,40027
1400000US12086007101,12086007101,"Census Tract 71.01, Miami-Dade County, Florida",998,2450,1149,241,312,53,6.5,14.9,13.4,7.9,14.2,12.2,3.8,4.6,1.1,30888
1400000US12086007103,12086007103,"Census Tract 71.03, Miami-Dade County, Florida",843,1629,988,53,182,21,4.4,3.4,12.9,11.2,17.8,16.4,10.8,7.4,9.7,64236
1400000US12086007104,12086007104,"Census Tract 71.04, Miami-Dade County, Florida",1458,3047,1667,81,263,51,9.1,5.1,7.9,17.5,13.9,7.5,9,12.3,10.3,51955
1400000US12086007200,12086007200,"Census Tract 72, Miami-Dade County, Florida",942,2639,1056,238,294,129,8.2,17.1,10.7,10.2,13.2,7.3,4.7,1.6,6.7,28750
1400000US12086007300,12086007300,"Census Tract 73, Miami-Dade County, Florida",1497,4067,1949,35,252,4,2.2,2.5,2.7,4.1,8.6,6.8,15.3,12.7,40.5,161938
1400000US12086007400,12086007400,"Census Tract 74, Miami-Dade County, Florida",2479,6851,3262,101,510,37,0.3,5.8,5.4,10.2,10.1,6,18.9,10.9,28.9,122750
1400000US12086007501,12086007501,"Census Tract 75.01, Miami-Dade County, Florida",933,2841,1289,18,217,0,0.8,4.5,3,5.1,6.4,11.5,20.2,11.8,31.3,132679
1400000US12086007503,12086007503,"Census Tract 75.03, Miami-Dade County, Florida",333,861,445,11,56,3,3.9,1.5,9.9,3.3,18.9,13.2,26.1,5.7,14.1,98594
1400000US12086007601,12086007601,"Census Tract 76.01, Miami-Dade County, Florida",923,2893,1533,24,141,0,4.9,6.6,4.8,14.5,8.3,14.2,26.2,11.3,6.4,91179
1400000US12086007603,12086007603,"Census Tract 76.03, Miami-Dade County, Florida",1336,3716,1375,190,606,17,6.3,10.4,10.1,10.7,8.4,9.7,7,2.3,2.7,26719
1400000US12086007604,12086007604,"Census Tract 76.04, Miami-Dade County, Florida",2216,5649,3043,272,324,200,1.4,10.3,11,9,18.2,13.5,14.6,7.1,12.7,72745
1400000US12086007605,12086007605,"Census Tract 76.05, Miami-Dade County, Florida",1717,4804,2697,117,347,7,5.6,4.7,5.1,13.3,25.3,10.9,10.7,5,7.6,60521
1400000US12086007606,12086007606,"Census Tract 76.06, Miami-Dade County, Florida",1806,5937,3026,76,257,57,2.4,12.2,9.7,12.2,13.8,11.2,15.5,6.3,11.5,63235
1400000US12086007701,12086007701,"Census Tract 77.01, Miami-Dade County, Florida",1969,6604,2779,135,647,0,3.4,14.8,7.9,12.8,20.1,17.2,7.9,4.9,3.1,51193
1400000US12086007702,12086007702,"Census Tract 77.02, Miami-Dade County, Florida",2137,6701,3394,64,524,11,4.1,4.3,6.4,13.1,17.4,10.1,18.2,5.5,17.8,82462
1400000US12086007704,12086007704,"Census Tract 77.04, Miami-Dade County, Florida",1816,4444,2393,187,388,68,5.3,13.3,12.1,12.8,12.4,5.7,10.9,2.8,11.1,43229
1400000US12086007705,12086007705,"Census Tract 77.05, Miami-Dade County, Florida",2008,4749,2681,185,417,81,5.6,15.8,7.9,10.4,18.4,8.9,11.5,4.7,12.4,57708
1400000US12086007801,12086007801,"Census Tract 78.01, Miami-Dade County, Florida",281,1243,466,4,33,4,4.6,0,1.4,3.9,1.4,4.6,5,10.7,68.3,"250,000+"
1400000US12086007804,12086007804,"Census Tract 78.04, Miami-Dade County, Florida",3365,7284,3591,359,863,211,3.1,9.5,15,14.1,20,13.6,8.8,2.8,4.9,50152
1400000US12086007805,12086007805,"Census Tract 78.05, Miami-Dade County, Florida",1806,4752,2432,168,420,33,2.9,13.7,3.9,12.1,11.1,12.5,9.7,16.2,16.1,81366
1400000US12086007806,12086007806,"Census Tract 78.06, Miami-Dade County, Florida",1216,4529,2093,0,110,0,0,2,3.3,6.2,7,6.9,16,6.3,52.3,216288
1400000US12086007807,12086007807,"Census Tract 78.07, Miami-Dade County, Florida",1617,4671,2115,50,337,41,2.9,2.7,7.2,10.2,10.6,10.4,9.5,15.4,23.6,88155
1400000US12086007901,12086007901,"Census Tract 79.01, Miami-Dade County, Florida",1275,3529,1676,72,232,52,0.5,9.3,1.8,3.8,9.4,9.7,18.4,11.3,28,109981
1400000US12086007902,12086007902,"Census Tract 79.02, Miami-Dade County, Florida",1197,3453,1530,27,280,9,1.8,2.8,3.8,9.8,15.3,9.3,16.6,3.3,35,106719
1400000US12086008000,12086008000,"Census Tract 80, Miami-Dade County, Florida",2151,6498,2329,34,587,13,2.7,6.8,2.2,2.7,10.9,7.3,16.3,10,37.8,137176
1400000US12086008101,12086008101,"Census Tract 81.01, Miami-Dade County, Florida",1142,3541,1551,24,181,9,1.4,0.9,4.9,7.9,4.7,2.6,17.8,10.6,45.8,160132
1400000US12086008102,12086008102,"Census Tract 81.02, Miami-Dade County, Florida",1526,4973,2308,57,251,9,1.2,8.9,6.1,6.1,15,12,15.8,10.9,22.1,97500
1400000US12086008202,12086008202,"Census Tract 82.02, Miami-Dade County, Florida",1347,3992,2017,21,197,7,4.5,13,4.1,5.4,14.9,10.5,14.8,13.5,14.7,83480
1400000US12086008205,12086008205,"Census Tract 82.05, Miami-Dade County, Florida",1267,4331,1828,0,231,0,0,0,0,5.4,5.8,10.7,17.9,15.5,42.5,175707
1400000US12086008206,12086008206,"Census Tract 82.06, Miami-Dade County, Florida",1313,4136,1961,44,218,37,2.8,5.9,8.1,8.8,5.6,10.2,32.1,12.3,12.7,108558
1400000US12086008207,12086008207,"Census Tract 82.07, Miami-Dade County, Florida",1288,4069,1947,0,264,0,1.4,0.7,1.5,6.4,7.4,11.3,24.4,12.7,31.9,137917
1400000US12086008208,12086008208,"Census Tract 82.08, Miami-Dade County, Florida",1193,4536,1811,80,151,48,3.6,11.7,13.1,8.1,16.5,16.3,20.2,6.5,1.7,63750
1400000US12086008209,12086008209,"Census Tract 82.09, Miami-Dade County, Florida",1369,4791,2130,15,175,8,2.3,2.1,1.7,4.5,19.8,8.9,30.9,17.1,12.8,121467
1400000US12086008304,12086008304,"Census Tract 83.04, Miami-Dade County, Florida",2198,8369,3005,204,878,43,13.1,8.1,13.2,19.4,11.6,10.6,8.1,5.9,0,37480
1400000US12086008305,12086008305,"Census Tract 83.05, Miami-Dade County, Florida",1830,5267,2673,30,344,30,2.8,8.1,10.4,11.4,9,13.9,16.5,10.3,13.1,80091
1400000US12086008306,12086008306,"Census Tract 83.06, Miami-Dade County, Florida",2222,9086,3960,17,341,17,0.6,9.4,8.6,16.6,14,21.3,16.5,4.3,0.6,56169
1400000US12086008307,12086008307,"Census Tract 83.07, Miami-Dade County, Florida",1750,6883,3461,21,191,0,1.7,13.7,7.4,16.2,15.1,17.2,16.3,6.3,3.4,61759
1400000US12086008308,12086008308,"Census Tract 83.08, Miami-Dade County, Florida",1717,5901,2799,22,306,11,0.8,16.1,12.5,10.5,26.1,15.4,10.5,1.3,2,54574
1400000US12086008309,12086008309,"Census Tract 83.09, Miami-Dade County, Florida",1211,4416,1017,352,651,29,6.6,12.1,17.8,9.4,13.1,8.7,2.4,0,0,25308
1400000US12086008405,12086008405,"Census Tract 84.05, Miami-Dade County, Florida",1888,6223,3025,99,297,57,0,5.3,6.5,9.2,15.1,13.8,20.4,10.6,16.5,94439
1400000US12086008407,12086008407,"Census Tract 84.07, Miami-Dade County, Florida",2610,7413,3650,58,449,47,2.5,7.1,10.6,8.8,19.5,11.4,20.4,5.2,10.2,72597
1400000US12086008409,12086008409,"Census Tract 84.09, Miami-Dade County, Florida",1932,5707,2651,67,424,31,1.9,5.8,6.5,14,21.3,11.2,12.9,6,15.7,71957
1400000US12086008410,12086008410,"Census Tract 84.10, Miami-Dade County, Florida",2137,6262,3375,69,377,12,1.2,9.7,5.2,12.4,21.5,9.5,10.8,10.3,15.5,72679
1400000US12086008412,12086008412,"Census Tract 84.12, Miami-Dade County, Florida",2487,5827,2885,202,582,43,5.4,11.2,9.2,23.7,16.4,8.4,9.2,2.6,4.7,43660
1400000US12086008414,12086008414,"Census Tract 84.14, Miami-Dade County, Florida",2320,7853,4207,44,236,0,4.6,8.9,4.1,9.3,13.9,16,28.4,8.6,6.3,90341
1400000US12086008415,12086008415,"Census Tract 84.15, Miami-Dade County, Florida",1545,5226,2476,0,238,0,3,6.3,2.4,11.2,8.3,8.6,23.4,14.4,21.8,122031
1400000US12086008416,12086008416,"Census Tract 84.16, Miami-Dade County, Florida",1093,3482,1798,41,153,34,5.7,9.1,6.1,6,15.1,10.2,20.8,22.7,4.3,93299
1400000US12086008417,12086008417,"Census Tract 84.17, Miami-Dade County, Florida",2453,5101,2687,412,712,117,17,11.9,8.7,15.2,22.1,6.5,4.2,1.9,2.3,36651
1400000US12086008418,12086008418,"Census Tract 84.18, Miami-Dade County, Florida",1068,3017,1458,0,257,0,10.7,8.3,7.6,12.2,24.9,17.1,4.2,1.9,2.6,50339
1400000US12086008419,12086008419,"Census Tract 84.19, Miami-Dade County, Florida",2071,5299,2734,196,723,0,5.1,13,10.9,18.6,20.3,8.3,11.2,1.7,0,44836
1400000US12086008501,12086008501,"Census Tract 85.01, Miami-Dade County, Florida",2075,7452,3456,115,652,41,4.9,14.7,8.4,14,9.8,15.7,18.2,4.9,2.5,52715
1400000US12086008502,12086008502,"Census Tract 85.02, Miami-Dade County, Florida",1522,4785,2444,80,334,9,3.9,6.2,7.4,5.5,12,11.3,18.9,13.4,11.4,80000
1400000US12086008601,12086008601,"Census Tract 86.01, Miami-Dade County, Florida",1320,4649,2075,60,285,7,5,11.4,12,22.7,20.7,6.3,10.6,1.2,2,42007
1400000US12086008602,12086008602,"Census Tract 86.02, Miami-Dade County, Florida",1982,7262,3104,30,428,15,3.5,11.5,16.2,9.3,21.7,5.7,17.1,8.1,4.1,57948
1400000US12086008701,12086008701,"Census Tract 87.01, Miami-Dade County, Florida",1567,5916,3061,53,279,0,5.4,9.2,9.6,12.1,25.1,14.6,13.2,2.2,1.6,54416
1400000US12086008702,12086008702,"Census Tract 87.02, Miami-Dade County, Florida",1670,5944,2536,170,519,53,7.7,13.1,10.2,21,11.6,10.1,11.3,5.9,2.3,46645
1400000US12086008803,12086008803,"Census Tract 88.03, Miami-Dade County, Florida",2003,6554,2922,74,517,12,11.8,13.5,8.5,17.6,15.2,10.9,5,4.6,5,40272
1400000US12086008804,12086008804,"Census Tract 88.04, Miami-Dade County, Florida",2302,7794,3596,67,586,25,7.9,9.4,13.9,18.9,15.9,10.8,14.3,4.3,1.1,46684
1400000US12086008805,12086008805,"Census Tract 88.05, Miami-Dade County, Florida",1559,5322,2273,214,465,27,7.3,23.7,16,22.5,11.9,3.3,4.5,0,0.6,30531
1400000US12086008806,12086008806,"Census Tract 88.06, Miami-Dade County, Florida",1166,3829,1744,104,343,0,11.9,11.8,14.1,17.8,16.8,9.2,6.3,3.3,3.7,41071
1400000US12086008901,12086008901,"Census Tract 89.01, Miami-Dade County, Florida",2220,7573,3633,90,536,16,3.7,12.4,4.9,13.3,17.5,14,21.9,7.1,2,64682
1400000US12086008902,12086008902,"Census Tract 89.02, Miami-Dade County, Florida",2288,6593,2818,292,717,115,9.9,13.9,13.9,17.8,19.6,6.6,7.7,4.1,0.2,37332
1400000US12086008904,12086008904,"Census Tract 89.04, Miami-Dade County, Florida",9,1978,544,0,5,0,55.6,0,0,0,0,0,0,0,0,-
1400000US12086008906,12086008906,"Census Tract 89.06, Miami-Dade County, Florida",1766,5158,2332,128,476,33,11.9,15.3,7.8,14.2,20.2,10.4,10.4,2,2.4,44308
1400000US12086008907,12086008907,"Census Tract 89.07, Miami-Dade County, Florida",1597,4820,2236,197,493,44,9,11,7.6,13.3,18.9,10.6,13.2,3,3.5,47428
1400000US12086009006,12086009006,"Census Tract 90.06, Miami-Dade County, Florida",3207,9282,3777,194,906,27,10.8,10.9,16.2,14.6,19.2,8,10.4,1.4,1.5,39672
1400000US12086009010,12086009010,"Census Tract 90.10, Miami-Dade County, Florida",1495,5310,2553,32,116,23,0.9,5.9,7,13.1,8.8,24.6,24.2,5.4,9.4,85077
1400000US12086009014,12086009014,"Census Tract 90.14, Miami-Dade County, Florida",1263,4159,2196,19,92,0,2.5,13.2,9.2,20.3,20.2,18.3,8.2,3,1.2,51382
1400000US12086009015,12086009015,"Census Tract 90.15, Miami-Dade County, Florida",1914,5018,2488,127,423,23,7.2,11.4,17.9,22.4,12.2,13.1,5.2,0,0.8,37500
1400000US12086009017,12086009017,"Census Tract 90.17, Miami-Dade County, Florida",1742,6276,2888,85,315,30,10.2,15.2,14.6,19.3,22.4,6.4,0.9,0.6,0,34595
1400000US12086009019,12086009019,"Census Tract 90.19, Miami-Dade County, Florida",1180,4820,1905,53,319,8,8.1,12.3,11.5,21.3,13.7,10.3,10.5,3.5,5,43983
1400000US12086009020,12086009020,"Census Tract 90.20, Miami-Dade County, Florida",956,2827,1155,252,311,77,11.5,25,14,6.1,20.6,2.2,0,3.8,0,22895
1400000US12086009021,12086009021,"Census Tract 90.21, Miami-Dade County, Florida",1285,4662,2069,123,308,32,11.1,14.6,11.9,25.1,10.6,10.5,4,0,0,35071
1400000US12086009022,12086009022,"Census Tract 90.22, Miami-Dade County, Florida",552,2112,963,3,64,0,6,13.8,25.9,23.2,11.8,12.7,4.7,0.9,0.5,39375
1400000US12086009023,12086009023,"Census Tract 90.23, Miami-Dade County, Florida",1869,7424,3364,119,301,42,3,20.3,17.7,15.4,19,14.3,3,0,0,36290
1400000US12086009024,12086009024,"Census Tract 90.24, Miami-Dade County, Florida",1597,4672,2209,113,217,69,6,7.5,12.6,24.7,22.9,6,14.2,0,1.9,48608
1400000US12086009026,12086009026,"Census Tract 90.26, Miami-Dade County, Florida",1003,2361,941,179,392,71,12.4,26.6,14.4,12.1,9.2,5.8,0,0,0,21410
1400000US12086009027,12086009027,"Census Tract 90.27, Miami-Dade County, Florida",1433,3969,2087,91,173,31,8.2,8.3,7.3,23.7,21.5,12.4,8.2,0.3,1.4,43918
1400000US12086009028,12086009028,"Census Tract 90.28, Miami-Dade County, Florida",1424,4263,2175,55,230,42,5.4,9.4,10.7,20,22.8,15.6,9.1,0.6,2.5,50549
1400000US12086009029,12086009029,"Census Tract 90.29, Miami-Dade County, Florida",1242,3925,1946,117,234,31,7.7,11,10.5,17,21.3,11.8,6.8,3.2,2.5,44612
1400000US12086009030,12086009030,"Census Tract 90.30, Miami-Dade County, Florida",1493,4256,2375,37,176,15,4,16.6,14.9,10.8,33.4,12.5,1.6,0.9,0,47813
1400000US12086009031,12086009031,"Census Tract 90.31, Miami-Dade County, Florida",1255,3949,1936,58,207,50,4.1,8.7,19.8,12.4,27.6,10.4,7.3,1,0,43125
1400000US12086009034,12086009034,"Census Tract 90.34, Miami-Dade County, Florida",2511,7705,3498,48,402,34,3.3,6.9,4.9,7.8,20.3,18.6,14.6,7.6,11.8,78324
1400000US12086009035,12086009035,"Census Tract 90.35, Miami-Dade County, Florida",1683,4994,2246,74,235,48,2.5,15.7,10.2,17.7,24.9,8.7,5.3,5.2,3.7,48812
1400000US12086009036,12086009036,"Census Tract 90.36, Miami-Dade County, Florida",2322,8234,3618,43,212,29,1.2,5.9,4.8,14,14,9.9,22.5,11,10.8,89231
1400000US12086009038,12086009038,"Census Tract 90.38, Miami-Dade County, Florida",2281,7886,3855,8,201,8,1.4,7.6,2.4,13.2,19.4,17.1,22.4,7.8,3.7,77750
1400000US12086009039,12086009039,"Census Tract 90.39, Miami-Dade County, Florida",1585,5320,2349,19,167,0,4.7,6.6,4.7,17.4,20.4,12.2,19.1,6.1,5.9,62158
1400000US12086009040,12086009040,"Census Tract 90.40, Miami-Dade County, Florida",60,88,18,11,45,0,31.7,26.7,18.3,0,3.3,0,3.3,0,0,16250
1400000US12086009043,12086009043,"Census Tract 90.43, Miami-Dade County, Florida",1156,4438,1918,0,63,0,2.1,4,10.8,8.1,17.9,19.4,19.8,6.9,10.2,80000
1400000US12086009044,12086009044,"Census Tract 90.44, Miami-Dade County, Florida",372,1525,569,8,65,8,0,13.2,18.8,6.5,10.8,15.6,11.8,1.6,8.1,45833
1400000US12086009046,12086009046,"Census Tract 90.46, Miami-Dade County, Florida",299,926,349,45,77,10,0,10.7,1.3,27.1,20.1,19.1,4.7,2.7,0,48250
1400000US12086009047,12086009047,"Census Tract 90.47, Miami-Dade County, Florida",856,3206,1500,18,57,18,0.7,6.7,10.2,8.6,30.5,9,14.6,6.9,1.9,56250
1400000US12086009100,12086009100,"Census Tract 91, Miami-Dade County, Florida",1738,7800,2667,173,422,26,12.3,17.3,15.7,24.5,15.1,8.8,1.8,1,0.1,35504
1400000US12086009200,12086009200,"Census Tract 92, Miami-Dade County, Florida",925,3523,1567,20,184,5,5.3,17.8,12.8,11.4,23.4,4.3,17.1,3.6,1.6,49917
1400000US12086009305,12086009305,"Census Tract 93.05, Miami-Dade County, Florida",1732,4841,2113,69,477,24,8,7.1,2.9,13.3,14.8,12.4,17.8,4.9,10.1,66385
1400000US12086009306,12086009306,"Census Tract 93.06, Miami-Dade County, Florida",2202,6482,2796,221,601,133,8.1,15.6,7.8,19,15,7.9,7,1.2,2.8,36658
1400000US12086009307,12086009307,"Census Tract 93.07, Miami-Dade County, Florida",2063,6146,2386,416,871,75,11.1,17.3,9.3,10.9,17.1,4,2,0,0,21926
1400000US12086009308,12086009308,"Census Tract 93.08, Miami-Dade County, Florida",2225,8088,3286,230,563,81,13.4,16.7,12.1,13.5,10,5.1,7.6,0.9,0,23036
1400000US12086009309,12086009309,"Census Tract 93.09, Miami-Dade County, Florida",2092,7414,3843,136,378,81,3.2,15.2,13.8,16.5,25.9,8.6,4.7,1.2,0,39624
1400000US12086009311,12086009311,"Census Tract 93.11, Miami-Dade County, Florida",1731,6286,3161,98,394,39,7.5,22.1,12.8,17.9,10.5,9,7.6,5.3,1.8,36201
1400000US12086009312,12086009312,"Census Tract 93.12, Miami-Dade County, Florida",2252,5365,2798,52,394,39,9.8,4.8,8.7,16,30.3,17.1,3,1.9,1.9,55098
1400000US12086009313,12086009313,"Census Tract 93.13, Miami-Dade County, Florida",2013,5429,2522,189,465,85,1.2,10.4,7.9,18,20.6,15.5,12.6,4.7,4,55340
1400000US12086009314,12086009314,"Census Tract 93.14, Miami-Dade County, Florida",1402,4469,1807,252,429,51,12.8,16.7,13.2,21.3,15.3,3.4,4.1,0,0,28173
1400000US12086009315,12086009315,"Census Tract 93.15, Miami-Dade County, Florida",1185,2873,1176,363,594,0,17.6,12,21.4,8.4,18.7,3.3,1.4,2.4,0,27213
1400000US12086009400,12086009400,"Census Tract 94, Miami-Dade County, Florida",1696,7014,2725,54,332,29,5.2,13.8,14.6,15.9,24.1,13.9,5.1,1.8,1.2,45873
1400000US12086009501,12086009501,"Census Tract 95.01, Miami-Dade County, Florida",1719,5035,2264,210,318,101,8,19.5,19.4,17.9,11.6,6.7,5.6,1.7,0,31032
1400000US12086009503,12086009503,"Census Tract 95.03, Miami-Dade County, Florida",1210,4564,1619,134,445,9,4.5,9.9,9.3,16.8,17.9,9.6,17,1.5,0,46250
1400000US12086009504,12086009504,"Census Tract 95.04, Miami-Dade County, Florida",1422,5083,2040,60,321,50,6.5,9.9,16.9,12.6,25.4,6.8,13.6,1.8,0,43977
1400000US12086009600,12086009600,"Census Tract 96, Miami-Dade County, Florida",2053,6735,3036,202,556,36,6.6,14,14.9,14.3,20.2,10.2,2.8,2.3,0,34904
1400000US12086009703,12086009703,"Census Tract 97.03, Miami-Dade County, Florida",1150,3719,1590,0,250,0,0,3.9,6.6,9,24.3,12.5,17.5,11.9,11.4,83550
1400000US12086009704,12086009704,"Census Tract 97.04, Miami-Dade County, Florida",1765,6228,2970,127,404,40,3.7,5.1,7.1,7.8,14.7,10.3,19,11.5,11.3,83295
1400000US12086009705,12086009705,"Census Tract 97.05, Miami-Dade County, Florida",2191,4820,2286,395,698,50,14.1,16.6,13.6,16.8,14.1,2.6,4.2,1.6,0.5,26549
1400000US12086009706,12086009706,"Census Tract 97.06, Miami-Dade County, Florida",1353,3493,1746,75,210,21,3.7,12.4,9.8,18.2,16.3,14,9.2,0.5,8.8,47111
1400000US12086009803,12086009803,"Census Tract 98.03, Miami-Dade County, Florida",1359,4730,2607,64,137,54,2.6,7.9,8.8,10.5,26.7,20.9,8.5,6.4,2.1,61118
1400000US12086009804,12086009804,"Census Tract 98.04, Miami-Dade County, Florida",921,3392,1746,11,93,6,1.2,11.3,4.9,21.2,16.4,18.2,15.9,6.2,2.8,61164
1400000US12086009806,12086009806,"Census Tract 98.06, Miami-Dade County, Florida",1176,2987,1270,57,355,0,6.6,16.9,9.2,13.4,17.8,11.7,7.8,0,1.2,36122
1400000US12086009807,12086009807,"Census Tract 98.07, Miami-Dade County, Florida",2474,7328,2970,135,631,84,12,7.1,7.6,12.2,21.3,16.7,12.5,0.6,2,55375
1400000US12086009808,12086009808,"Census Tract 98.08, Miami-Dade County, Florida",2345,4703,1996,334,902,0,8.3,26.2,10.7,20.1,17.4,5.6,1.5,0,0,29025
1400000US12086009901,12086009901,"Census Tract 99.01, Miami-Dade County, Florida",2885,8817,4087,179,549,43,2.4,15.9,14.7,19.6,15.9,11.1,9.5,4.5,0,43630
1400000US12086009903,12086009903,"Census Tract 99.03, Miami-Dade County, Florida",1385,5384,2333,24,267,0,0.7,11.6,7.9,20.7,18.2,17.8,15.7,4.8,0,65469
1400000US12086009904,12086009904,"Census Tract 99.04, Miami-Dade County, Florida",964,3245,1202,99,192,47,12,11.4,15.6,16.8,15.4,4.9,6.4,1.9,0,32877
1400000US12086009905,12086009905,"Census Tract 99.05, Miami-Dade County, Florida",1415,5938,2401,66,155,58,4.5,4.6,19.2,11.9,21.5,20.7,8.8,3,1.2,59688
1400000US12086009906,12086009906,"Census Tract 99.06, Miami-Dade County, Florida",1497,5052,2582,74,261,50,2.3,18.2,6.1,18,25.9,13.6,7.3,0.6,4,50475
1400000US12086010001,12086010001,"Census Tract 100.01, Miami-Dade County, Florida",1815,7142,2373,240,659,134,18.5,9.8,7.4,13,19.9,4.3,8.7,1.8,0,29784
1400000US12086010005,12086010005,"Census Tract 100.05, Miami-Dade County, Florida",2012,7768,3114,32,451,21,8.6,13.6,15.1,21,21.4,9.7,1.6,0.9,0.6,37304
1400000US12086010006,12086010006,"Census Tract 100.06, Miami-Dade County, Florida",2162,8551,3472,57,376,21,7,14.3,16.9,20.5,14.4,9.8,6.8,2.1,2.7,38858
1400000US12086010009,12086010009,"Census Tract 100.09, Miami-Dade County, Florida",2212,8052,3215,146,771,49,7.7,13.7,11.8,18.4,19,9.1,7.7,0,3.2,39337
1400000US12086010010,12086010010,"Census Tract 100.10, Miami-Dade County, Florida",1332,5119,2085,94,415,16,3.6,11.3,15.2,10.8,24.5,7.8,6,2.6,0.2,41125
1400000US12086010011,12086010011,"Census Tract 100.11, Miami-Dade County, Florida",2055,5934,2498,305,506,59,6.3,19.5,14.5,16.6,8.2,8.6,4.7,1.3,0.6,26623
1400000US12086010012,12086010012,"Census Tract 100.12, Miami-Dade County, Florida",1447,5042,1966,83,291,14,2.8,15.1,8.2,21.6,21.6,10.5,6.7,0.9,2.6,45625
1400000US12086010013,12086010013,"Census Tract 100.13, Miami-Dade County, Florida",1156,4668,2416,0,77,0,2.9,8.8,9.9,22,19.6,17.4,8.3,8.2,1.2,54900
1400000US12086010015,12086010015,"Census Tract 100.15, Miami-Dade County, Florida",1096,4000,1652,8,197,8,7.5,28,12.6,17.2,10.9,7.7,1.1,0,0,24417
1400000US12086010016,12086010016,"Census Tract 100.16, Miami-Dade County, Florida",1211,4774,2057,61,233,5,5,13,9.6,17.6,19.2,15.6,13.6,0,0.7,47604
1400000US12086010193,12086010193,"Census Tract 101.93, Miami-Dade County, Florida",721,2587,1311,9,35,9,0,6.1,0.8,8.2,23.6,27.2,17.2,11.2,5,89436
1400000US12086010198,12086010198,"Census Tract 101.98, Miami-Dade County, Florida",1006,4420,2122,5,77,5,0,2.7,8,12,13.9,14.4,26.2,10.2,8.8,96031
1400000US12086010201,12086010201,"Census Tract 102.01, Miami-Dade County, Florida",1118,4294,1915,43,166,5,0.4,10.3,5.4,13.3,21,13.8,23.9,6.8,2.9,70625
1400000US12086010204,12086010204,"Census Tract 102.04, Miami-Dade County, Florida",1867,7058,3209,51,354,0,7,8.3,12.9,16.4,20.6,16.3,13.4,3.2,0.5,51531
1400000US12086010205,12086010205,"Census Tract 102.05, Miami-Dade County, Florida",1360,5342,2107,72,438,10,8.8,16.1,8.9,16,18.6,7.8,9.1,1.2,0,37760
1400000US12086010207,12086010207,"Census Tract 102.07, Miami-Dade County, Florida",1589,3644,1553,442,575,175,9.7,29.8,11.8,8.2,15.4,2.1,1.9,0,0,20454
1400000US12086010208,12086010208,"Census Tract 102.08, Miami-Dade County, Florida",1466,4819,1823,244,473,75,7.9,20.6,15.8,14,8.5,7.2,6.4,0.5,0,27561
1400000US12086010209,12086010209,"Census Tract 102.09, Miami-Dade County, Florida",1312,5280,2265,14,174,0,5.6,13.1,14.8,10.1,34.8,4.2,13.6,1.2,0.2,53265
1400000US12086010210,12086010210,"Census Tract 102.10, Miami-Dade County, Florida",1832,7001,3125,262,397,52,6.2,18.8,11.1,14.5,16.6,10.8,8.9,1.5,1,37061
1400000US12086010300,12086010300,"Census Tract 103, Miami-Dade County, Florida",2488,8107,3394,67,532,52,4.6,8.7,18,11.9,16.2,9.9,10.3,7,5.5,44947
1400000US12086010400,12086010400,"Census Tract 104, Miami-Dade County, Florida",851,3500,1141,15,273,11,7.1,16.8,2,18.9,20.6,15.9,7.9,2.1,2,49282
1400000US12086010500,12086010500,"Census Tract 105, Miami-Dade County, Florida",2597,10234,3422,158,610,105,10.3,14.2,11.9,13.9,21.9,10.1,7.4,2.4,2.8,44224
1400000US12086010604,12086010604,"Census Tract 106.04, Miami-Dade County, Florida",1606,5412,2599,16,216,10,3.5,5.1,4.9,12.8,17.4,18.1,26.4,4.8,6.5,83879
1400000US12086010606,12086010606,"Census Tract 106.06, Miami-Dade County, Florida",2116,7348,3410,101,393,60,4,8.9,9.1,12,25.8,22.6,12.4,1.9,0.7,61938
1400000US12086010608,12086010608,"Census Tract 106.08, Miami-Dade County, Florida",1625,5826,2749,85,318,48,3.8,10.5,9.2,15.3,20.4,17.4,10.3,1.8,3.6,56961
1400000US12086010609,12086010609,"Census Tract 106.09, Miami-Dade County, Florida",1774,5530,2262,283,554,81,6.7,19.1,15.3,14.1,20.8,5.6,3,1,0,30232
1400000US12086010610,12086010610,"Census Tract 106.10, Miami-Dade County, Florida",1339,4133,1807,177,488,8,4.8,10.4,6.1,6,15.5,15.8,13,9.6,5.4,57344
1400000US12086010612,12086010612,"Census Tract 106.12, Miami-Dade County, Florida",2962,9836,5364,68,217,49,0,5,5.1,12.1,25.9,15,19.5,6.8,8.1,71250
1400000US12086010613,12086010613,"Census Tract 106.13, Miami-Dade County, Florida",1811,4955,1919,159,575,16,7.8,13,12.6,17.7,11.7,12.1,8,5.1,1.6,40724
1400000US12086010614,12086010614,"Census Tract 106.14, Miami-Dade County, Florida",2101,8876,3076,169,469,58,8,10.4,11.6,15.6,24.2,9.9,5.9,2.5,0.8,41676
1400000US12086010617,12086010617,"Census Tract 106.17, Miami-Dade County, Florida",1700,5534,2311,104,215,24,3.9,10.5,14,19.6,11,15.2,16.9,0.8,1.5,47652
1400000US12086010703,12086010703,"Census Tract 107.03, Miami-Dade County, Florida",3114,12760,5302,149,626,22,3.4,12.5,14.2,18.6,9.9,14,13.8,2.8,1.5,44127
1400000US12086010704,12086010704,"Census Tract 107.04, Miami-Dade County, Florida",2705,9870,4005,287,665,74,7.9,13.3,16.2,15.6,23.1,5.6,7.4,2.9,0,40838
1400000US12086010801,12086010801,"Census Tract 108.01, Miami-Dade County, Florida",1680,6715,2262,191,349,126,6.8,16.2,18,16.1,20.1,9.6,2.9,0.7,0,34786
1400000US12086010802,12086010802,"Census Tract 108.02, Miami-Dade County, Florida",1994,6632,2113,323,696,31,7.5,17.7,16.7,18.3,10.2,6.4,1,0.8,0,27094
1400000US12086010900,12086010900,"Census Tract 109, Miami-Dade County, Florida",1634,5931,2094,306,526,132,14.4,17.7,9.3,10.6,18.4,6.2,1.3,2.1,0.6,23929
1400000US12086011001,12086011001,"Census Tract 110.01, Miami-Dade County, Florida",2913,10566,4179,500,798,197,11.7,20,15.6,16.2,16.5,2.8,4.6,0,0,27377
1400000US12086011003,12086011003,"Census Tract 110.03, Miami-Dade County, Florida",1125,4432,1490,108,308,63,7.7,17.4,19.2,11.8,13.8,7.6,4,1.2,0,29190
1400000US12086011005,12086011005,"Census Tract 110.05, Miami-Dade County, Florida",1652,6459,2511,66,414,21,12.3,9.9,9.9,14.3,18.6,12.8,10.3,1.3,1.3,46600
1400000US12086011007,12086011007,"Census Tract 110.07, Miami-Dade County, Florida",2235,6421,3080,47,225,47,3,4.5,9.8,25.1,22.7,15,13.7,3.7,2.1,54663
1400000US12086011008,12086011008,"Census Tract 110.08, Miami-Dade County, Florida",1337,4092,2126,0,30,0,2.6,7,3.7,12,25.4,8.5,36.5,1.6,0.7,70945
1400000US12086011009,12086011009,"Census Tract 110.09, Miami-Dade County, Florida",1815,5960,2523,65,188,24,0.7,10.8,3.3,15.4,22,16.3,17.6,3.6,6.8,68365
1400000US12086011101,12086011101,"Census Tract 111.01, Miami-Dade County, Florida",2573,9025,3411,719,784,396,12,13.3,16,13.8,14.8,3.3,2.3,0,0,25114
1400000US12086011102,12086011102,"Census Tract 111.02, Miami-Dade County, Florida",2073,6584,2980,47,513,47,2.5,4.6,6.6,20.2,17.8,15.8,9.7,7.4,8,60673
1400000US12086011201,12086011201,"Census Tract 112.01, Miami-Dade County, Florida",1778,7022,2681,162,404,40,6.2,15.9,4.3,16,16.5,10.9,15.2,1,1.6,45119
1400000US12086011202,12086011202,"Census Tract 112.02, Miami-Dade County, Florida",1978,7528,3016,389,421,315,9.1,25.7,12.5,12.2,8.8,9.4,8.4,2.2,1.5,28661
1400000US12086011300,12086011300,"Census Tract 113, Miami-Dade County, Florida",2473,8644,2078,1084,1170,441,9.7,20.5,10.6,8.5,6.3,5.7,2.2,0.3,0.4,16517
1400000US12086011401,12086011401,"Census Tract 114.01, Miami-Dade County, Florida",5110,15728,6721,320,1032,67,4.1,9.4,11.7,17.7,21.6,16.6,9.5,2.5,2,52269
1400000US12086011403,12086011403,"Census Tract 114.03, Miami-Dade County, Florida",1803,7047,2242,310,569,128,4.9,12.8,16.7,20.1,12.8,3.9,4.8,1.8,0,29727
1400000US12086011404,12086011404,"Census Tract 114.04, Miami-Dade County, Florida",1236,11386,1778,66,268,57,7.3,28.8,15.9,20,15.9,2.3,1.9,0,0,26682
1400000US12086011500,12086011500,"Census Tract 115, Miami-Dade County, Florida",1586,5064,2511,39,276,29,2.4,8.7,4.1,22.1,9.2,17.1,12.1,10.5,6.3,53963
1400000US12086011600,12086011600,"Census Tract 116, Miami-Dade County, Florida",2028,6167,3053,81,338,23,1.3,8.3,4.7,15.1,28.5,18,12.2,1.4,3,59199
1400000US12086011700,12086011700,"Census Tract 117, Miami-Dade County, Florida",2370,7580,3657,68,387,48,9.2,11.4,14.7,17.8,21.4,4.9,8,2.8,0,37417
1400000US12086011800,12086011800,"Census Tract 118, Miami-Dade County, Florida",1006,3624,1894,18,127,7,5.1,7.2,11.7,9.4,31.2,15.4,14.2,2.8,0,62917
1400000US12086011900,12086011900,"Census Tract 119, Miami-Dade County, Florida",1684,5454,2573,57,377,20,3.4,8.5,13,12.2,20.7,16.4,10.5,3.3,4.1,56360
1400000US12086012000,12086012000,"Census Tract 120, Miami-Dade County, Florida",3056,8613,4310,235,487,107,8.5,16,13.4,16.8,17.3,9.6,4.3,0,0,33465
1400000US12086012100,12086012100,"Census Tract 121, Miami-Dade County, Florida",4733,15425,7503,130,718,0,9.4,12.1,7.1,19.6,22,15.2,8.1,0.5,0,44651
1400000US12086012200,12086012200,"Census Tract 122, Miami-Dade County, Florida",1595,5657,2842,38,262,9,3.4,2.4,12.2,8,19.1,15.8,26.6,7.1,4.6,78531
1400000US12086012300,12086012300,"Census Tract 123, Miami-Dade County, Florida",1870,7525,3743,0,146,0,3.5,6.3,7.6,16.8,14.2,12.7,26.8,6.1,3.5,73365
1400000US12086012400,12086012400,"Census Tract 124, Miami-Dade County, Florida",2495,9470,4314,0,353,0,2.8,8.7,9.7,11.8,16.7,16.4,22.8,4.1,3.1,68292
1400000US12086012500,12086012500,"Census Tract 125, Miami-Dade County, Florida",1736,6569,2881,41,298,8,5.4,9.1,12.7,15.5,17.5,12,17.3,0.5,0.9,44091
1400000US12086012600,12086012600,"Census Tract 126, Miami-Dade County, Florida",1841,7116,3334,37,214,16,5.5,13.7,14.4,13,22.3,10.6,10.3,2.4,0,43275
1400000US12086012700,12086012700,"Census Tract 127, Miami-Dade County, Florida",1992,7738,3290,53,418,22,2.5,9.4,2.8,15.4,9.9,16.9,18.8,7.9,12.1,85759
1400000US12086012800,12086012800,"Census Tract 128, Miami-Dade County, Florida",2330,8625,3857,48,332,32,1.8,9.2,7.3,8.9,24.2,21.1,16.2,5.7,4.6,71742
1400000US12086012900,12086012900,"Census Tract 129, Miami-Dade County, Florida",1316,4571,2246,42,261,7,3.3,20.1,9.1,20.2,23.5,10.9,6.8,0,0,44432
1400000US12086013000,12086013000,"Census Tract 130, Miami-Dade County, Florida",1248,5538,2288,50,146,17,2.8,13.6,18.8,14.9,24.5,13.9,6.3,0.8,0.9,46950
1400000US12086013100,12086013100,"Census Tract 131, Miami-Dade County, Florida",1585,5706,2555,146,374,60,6.7,18.1,16.7,14.5,14.5,15.1,5.4,0,0,34725
1400000US12086013200,12086013200,"Census Tract 132, Miami-Dade County, Florida",1625,5957,2912,61,283,5,2.3,10.7,10.2,13.4,31.4,13.2,9.4,0,0,53177
1400000US12086013300,12086013300,"Census Tract 133, Miami-Dade County, Florida",1518,5608,2748,35,336,21,8.4,10.7,10.5,14.4,27.6,11.7,3.3,3.1,0.4,43882
1400000US12086013400,12086013400,"Census Tract 134, Miami-Dade County, Florida",1504,6014,2535,99,280,26,1.1,14,20.3,14.6,20,6.4,8.9,0,2.7,40868
1400000US12086013500,12086013500,"Census Tract 135, Miami-Dade County, Florida",1594,5173,2211,261,513,21,9.3,18,11.4,16.1,18.3,3.4,2.9,0,0,26081
1400000US12086013600,12086013600,"Census Tract 136, Miami-Dade County, Florida",1909,6063,2674,135,409,24,16.7,19.5,11.3,18.7,13.7,8.9,1.7,0.3,0,29637
1400000US12086013700,12086013700,"Census Tract 137, Miami-Dade County, Florida",1798,5573,2275,330,526,81,10.6,15.5,18.2,13.1,18.5,4.7,1.9,0,0.4,27612
1400000US12086013800,12086013800,"Census Tract 138, Miami-Dade County, Florida",2030,6825,3050,133,351,21,11.8,12,12.9,26.7,19.8,6.5,0.6,1.1,0,38071
1400000US12086013900,12086013900,"Census Tract 139, Miami-Dade County, Florida",1296,4910,2424,57,257,26,6.3,5.9,8.2,14.4,29.1,10.1,15.4,2.6,1.2,58598
1400000US12086014000,12086014000,"Census Tract 140, Miami-Dade County, Florida",35,782,44,5,0,5,0,0,14.3,45.7,40,0,0,0,0,49327
1400000US12086014100,12086014100,"Census Tract 141, Miami-Dade County, Florida",0,2436,0,0,0,0,-,-,-,-,-,-,-,-,-,-
1400000US12086014200,12086014200,"Census Tract 142, Miami-Dade County, Florida",1409,5705,2698,20,105,0,2,5.7,16.5,12.6,16.2,12.8,19,6.3,3.3,58917
1400000US12086014300,12086014300,"Census Tract 143, Miami-Dade County, Florida",908,3588,1881,8,91,0,1.5,9.1,5.6,16.6,20.5,14.4,15.3,9.7,5.8,63300
1400000US12086014400,12086014400,"Census Tract 144, Miami-Dade County, Florida",1246,4877,2553,0,181,0,4.6,5.5,2.2,21.8,26.7,15.7,16,2.2,1.1,65938
1400000US12086014500,12086014500,"Census Tract 145, Miami-Dade County, Florida",1255,4529,2040,49,283,25,2.2,11.5,9.8,14.3,12.2,9.6,18.2,7,7.3,54435
1400000US12086014600,12086014600,"Census Tract 146, Miami-Dade County, Florida",2225,7500,3415,34,570,0,10.8,19,14.5,13.9,15.9,7,7.1,0,1.1,32637
1400000US12086014700,12086014700,"Census Tract 147, Miami-Dade County, Florida",2264,7391,3346,170,534,34,9.7,9.2,11.4,14.1,22.2,10.9,8.7,0.8,1.2,40897
1400000US12086014800,12086014800,"Census Tract 148, Miami-Dade County, Florida",1751,5683,2727,94,336,18,4.3,20.2,18.2,16,17.5,9,3.3,1.6,0.3,33519
1400000US12086014900,12086014900,"Census Tract 149, Miami-Dade County, Florida",1560,5541,2785,17,272,17,2.3,9.8,20.5,8.1,25.4,9.6,8.1,9.5,2.3,55000
1400000US12086015000,12086015000,"Census Tract 150, Miami-Dade County, Florida",2345,8403,4205,163,440,0,4.5,3.5,6.2,10.3,17.1,15.4,16.3,4.3,9.3,67443
1400000US12086015100,12086015100,"Census Tract 151, Miami-Dade County, Florida",2783,13291,5361,67,44,67,0.4,9.2,9,10,24.7,21.8,15.8,6.7,1.4,70542
1400000US12086015200,12086015200,"Census Tract 152, Miami-Dade County, Florida",1902,7102,3339,0,279,0,2.6,2.3,14.4,6.3,14.2,21.4,19.8,8.6,7,80500
1400000US12086015300,12086015300,"Census Tract 153, Miami-Dade County, Florida",1552,6161,2609,24,179,0,5.5,13.3,1,12.6,11.3,18.7,11.3,18,6.5,85893
1400000US12086015400,12086015400,"Census Tract 154, Miami-Dade County, Florida",1570,5723,2600,62,297,41,5.2,7.2,16.1,10.2,17.8,12.5,16.1,3.3,6,52473
1400000US12086015500,12086015500,"Census Tract 155, Miami-Dade County, Florida",1890,6586,3023,33,386,0,4.7,8.8,13.6,13.9,15.8,14.1,14.5,6.6,2.9,56129
1400000US12086015600,12086015600,"Census Tract 156, Miami-Dade County, Florida",1619,4659,2620,32,239,9,2,10.7,16,18.5,18.7,14.1,10.2,4.1,3.8,50422
1400000US12086015700,12086015700,"Census Tract 157, Miami-Dade County, Florida",720,2710,1086,25,135,18,0.6,4.7,6.3,10.8,23.8,15.3,7.2,11.3,15.1,74286
1400000US12086015800,12086015800,"Census Tract 158, Miami-Dade County, Florida",1604,5186,2371,69,459,47,8.2,18.9,10,15.8,15.3,15.1,8.7,1.4,2,43564
1400000US12086015900,12086015900,"Census Tract 159, Miami-Dade County, Florida",1062,4071,2190,0,126,0,1.4,16,8.9,13,21.4,18.4,12.1,4.2,0.8,56413
1400000US12086016000,12086016000,"Census Tract 160, Miami-Dade County, Florida",1453,5081,2520,99,205,28,3.9,11.9,12.5,11.5,29.5,7.8,12.5,3.6,1.6,51882
1400000US12086016100,12086016100,"Census Tract 161, Miami-Dade County, Florida",1357,5373,2704,29,203,0,0,9.3,16.4,15.5,16.5,11.6,20.3,3.9,0.7,57054
1400000US12086016200,12086016200,"Census Tract 162, Miami-Dade County, Florida",1107,3297,1505,44,253,10,9.4,10.7,9.2,11.4,13.7,13.3,14.5,4.6,4.3,50703
1400000US12086016300,12086016300,"Census Tract 163, Miami-Dade County, Florida",1346,5471,2970,41,158,6,4.3,1.5,5.1,7.7,13,19.8,23,16.9,7.3,92500
1400000US12086016400,12086016400,"Census Tract 164, Miami-Dade County, Florida",1722,6712,3341,35,143,35,0,5.7,7.8,12.9,18.8,14.7,20.6,6,5.4,72836
1400000US12086016500,12086016500,"Census Tract 165, Miami-Dade County, Florida",1984,8320,4292,26,189,4,2.4,5.8,6.8,10.9,19,25.2,18.3,7.2,2.9,80105
1400000US12086016600,12086016600,"Census Tract 166, Miami-Dade County, Florida",1134,4264,1846,40,229,11,6.3,9.3,7.5,27.5,24.1,4.8,13.6,0,2.3,48171
1400000US12086016700,12086016700,"Census Tract 167, Miami-Dade County, Florida",1331,5969,2423,0,266,0,3.4,11.5,9.2,20.1,24.8,7.9,15.7,2.7,3.5,52899
1400000US12086016800,12086016800,"Census Tract 168, Miami-Dade County, Florida",1263,4253,1865,81,243,23,4.4,9.8,12.4,16.8,25.7,13.6,11.6,0.8,0,52443
1400000US12086016900,12086016900,"Census Tract 169, Miami-Dade County, Florida",1431,4483,2526,40,177,14,3.4,4.1,10,24.8,20.9,11.4,14.7,1.5,1.3,49838
1400000US12086017000,12086017000,"Census Tract 170, Miami-Dade County, Florida",1770,5412,2833,60,345,3,4,14.4,10,17.5,17.7,16,9.8,3.3,0.6,47155
1400000US12086017100,12086017100,"Census Tract 171, Miami-Dade County, Florida",2267,6758,3305,59,501,20,3.4,19,13,17.8,19.8,6,9.9,2.8,0,38706
1400000US12086017200,12086017200,"Census Tract 172, Miami-Dade County, Florida",1136,4595,1981,54,217,25,1.8,6.5,13.1,8.5,29.5,11.5,18,7,4.1,65854
1400000US12086017300,12086017300,"Census Tract 173, Miami-Dade County, Florida",1494,4614,2229,96,375,39,5.7,14.9,7.8,15.1,16.8,13.9,10.2,3.1,1.4,42674
1400000US12086017400,12086017400,"Census Tract 174, Miami-Dade County, Florida",2309,6231,2839,175,716,48,4.7,14.9,5,16.6,19.4,7.5,13.6,4.6,1,44635
1400000US12086017500,12086017500,"Census Tract 175, Miami-Dade County, Florida",1276,3926,1920,107,292,13,7.1,10.7,18.5,13,16.8,14,8.5,0,1.7,43226
1400000US12086017600,12086017600,"Census Tract 176, Miami-Dade County, Florida",1989,6444,2931,76,362,40,5,17.4,16.6,19.7,20.2,6.4,1.2,4.9,2,37837
1400000US12086017700,12086017700,"Census Tract 177, Miami-Dade County, Florida",1392,4485,2177,57,246,27,11.5,24.2,10.9,11,23.9,10.8,7,0,0,42206
1400000US12086017800,12086017800,"Census Tract 178, Miami-Dade County, Florida",1901,5971,2894,128,311,64,6.9,23.6,17.9,12.3,19.6,4.3,4.7,0,1.5,31070
1400000US12086017900,12086017900,"Census Tract 179, Miami-Dade County, Florida",2290,8339,4102,16,282,0,2.4,11.5,5.3,11.4,22.8,20.1,19.2,3,2.7,70420
1400000US12086018000,12086018000,"Census Tract 180, Miami-Dade County, Florida",2096,8064,3671,39,241,39,3.3,7.3,6.3,6.5,23.9,22.1,17.2,4.8,4.6,74550
1400000US12086018100,12086018100,"Census Tract 181, Miami-Dade County, Florida",1535,5287,2822,29,214,13,0.8,18,9.3,19.9,18.1,10,18.2,2.9,1.6,50417
1400000US12086018200,12086018200,"Census Tract 182, Miami-Dade County, Florida",735,2649,1207,67,58,67,0.5,9.8,5.4,20.8,28.6,9.4,11.4,4.9,6.3,61910
1400000US12086018300,12086018300,"Census Tract 183, Miami-Dade County, Florida",1505,5698,2607,29,204,29,1.5,10.6,9.6,13.5,13.7,16.5,18.1,5.9,4.7,62765
1400000US12086018400,12086018400,"Census Tract 184, Miami-Dade County, Florida",1255,3665,1811,124,145,66,10.2,12,8.2,20.5,13.1,6.8,10,5,1.8,42783
1400000US12086018500,12086018500,"Census Tract 185, Miami-Dade County, Florida",1540,4628,2074,47,193,42,4,11.2,17.3,16.5,16.5,8,16.7,1.7,0.3,44531
1400000US12086018600,12086018600,"Census Tract 186, Miami-Dade County, Florida",2521,9000,4109,64,252,30,2,4.4,9.8,17.2,26.2,24.2,10.6,3.7,0,62933
1400000US12086018700,12086018700,"Census Tract 187, Miami-Dade County, Florida",1270,5415,2697,0,165,0,5.3,6.4,7.4,11.6,19.7,21.7,15.3,8.4,1.9,66776
1400000US12086018800,12086018800,"Census Tract 188, Miami-Dade County, Florida",2718,7872,3968,87,397,37,5.2,9.6,10.2,14.6,25.3,5.8,9.6,5.5,3.9,50030
1400000US12086018900,12086018900,"Census Tract 189, Miami-Dade County, Florida",2205,7295,3508,0,357,0,5,10.5,7.2,14,13.5,18,19.4,6.5,1.7,59215
1400000US12086019000,12086019000,"Census Tract 190, Miami-Dade County, Florida",1912,6100,2903,35,333,14,1.2,10,6.1,11,21.9,14.1,16.1,8.9,3,66979
1400000US12086019100,12086019100,"Census Tract 191, Miami-Dade County, Florida",1912,5094,2378,91,464,27,4.7,14.6,7.7,12.9,18.2,12.6,7.3,11.8,4.8,52056
1400000US12086019200,12086019200,"Census Tract 192, Miami-Dade County, Florida",1723,5824,2766,25,248,0,0.9,6.8,2.6,16.1,21.7,13.9,22.8,7,2.5,70542
1400000US12086019300,12086019300,"Census Tract 193, Miami-Dade County, Florida",2545,8006,4193,25,272,0,5.7,6.6,11.7,14.4,22.6,12.8,13.5,5.4,2.1,57245
1400000US12086019400,12086019400,"Census Tract 194, Miami-Dade County, Florida",2438,8257,4010,37,196,22,2.4,3.2,3.6,9.1,21.9,18.5,20.5,12.8,5.3,87222
1400000US12086019500,12086019500,"Census Tract 195, Miami-Dade County, Florida",2240,7096,3290,120,490,43,2.1,8.1,6.5,13,23.5,11.7,18.2,4,2.8,61477
1400000US12086019600,12086019600,"Census Tract 196, Miami-Dade County, Florida",1526,5853,3019,31,65,19,0,6.4,3.1,7.3,10.6,18.7,31.5,16,5.2,102644
1400000US12086019700,12086019700,"Census Tract 197, Miami-Dade County, Florida",1084,4217,1983,0,164,0,0,0,13.5,14.6,17.3,12.7,26.8,9.2,3.1,79250
1400000US12086019800,12086019800,"Census Tract 198, Miami-Dade County, Florida",2131,8373,3914,14,126,0,1.5,6.3,10.1,1.9,31.8,18.9,20.5,2.4,6.7,74275
1400000US12086019900,12086019900,"Census Tract 199, Miami-Dade County, Florida",2670,10540,5144,84,378,15,2.9,2.3,11.6,17,23.2,13,21.5,1.6,2.3,65951
1400000US12086020000,12086020000,"Census Tract 200, Miami-Dade County, Florida",1948,7165,3713,68,192,0,5.5,8.5,5.3,14,15.1,21.8,18.3,6,2.6,71037
1400000US12086020100,12086020100,"Census Tract 201, Miami-Dade County, Florida",1250,4993,2595,5,64,5,9,2.2,5.4,20,21,11.5,20.8,6.6,3.6,67723
1400000US12086020200,12086020200,"Census Tract 202, Miami-Dade County, Florida",1078,4917,1672,105,288,31,5.8,13.1,16.2,16,14.4,18.9,6.3,2.9,0,43256
1400000US12086020300,12086020300,"Census Tract 203, Miami-Dade County, Florida",876,3999,1690,5,156,5,3,8.3,17.1,18.3,16,22.7,6.3,3,0.7,48889
1400000US12086490100,12086490100,"Census Tract 4901, Miami-Dade County, Florida",553,1917,895,65,148,27,7.2,18.3,12.5,7.8,21.3,7.4,4.3,0,0.9,27891
1400000US12086980100,12086980100,"Census Tract 9801, Miami-Dade County, Florida",0,0,0,0,0,0,-,-,-,-,-,-,-,-,-,-
1400000US12086980200,12086980200,"Census Tract 9802, Miami-Dade County, Florida",0,0,0,0,0,0,-,-,-,-,-,-,-,-,-,-
1400000US12086980300,12086980300,"Census Tract 9803, Miami-Dade County, Florida",4,4819,1442,0,0,0,0,0,0,0,0,0,100,0,0,-
1400000US12086980400,12086980400,"Census Tract 9804, Miami-Dade County, Florida",0,0,0,0,0,0,-,-,-,-,-,-,-,-,-,-
1400000US12086980500,12086980500,"Census Tract 9805, Miami-Dade County, Florida",0,0,0,0,0,0,-,-,-,-,-,-,-,-,-,-
1400000US12086980600,12086980600,"Census Tract 9806, Miami-Dade County, Florida",0,0,0,0,0,0,-,-,-,-,-,-,-,-,-,-
1400000US12086980700,12086980700,"Census Tract 9807, Miami-Dade County, Florida",94,1070,95,63,59,11,74.5,11.7,0,0,0,0,0,0,0,11349
1400000US12086980800,12086980800,"Census Tract 9808, Miami-Dade County, Florida",0,7,7,0,0,0,-,-,-,-,-,-,-,-,-,-
1400000US12086980900,12086980900,"Census Tract 9809, Miami-Dade County, Florida",0,0,0,0,0,0,-,-,-,-,-,-,-,-,-,-
1400000US12086981000,12086981000,"Census Tract 9810, Miami-Dade County, Florida",0,68,68,0,0,0,-,-,-,-,-,-,-,-,-,-
1400000US12086990000,12086990000,"Census Tract 9900, Miami-Dade County, Florida",0,0,0,0,0,0,-,-,-,-,-,-,-,-,-,-
