GEO.id,GEO.id2,GEO.display-label,HD01_VD01,HD02_VD01,HD01_VD02,HD02_VD02,HD01_VD03,HD02_VD03,HD01_VD04,HD02_VD04,HD01_VD05,HD02_VD05
Id,Id2,Geography,Estimate; Aggregate travel time to work (in minutes):,Margin of Error; Aggregate travel time to work (in minutes):,Estimate; Worked in State of residence:,Margin of Error; Worked in State of residence:,Estimate; Worked in State of residence: - Worked in county of residence,Margin of Error; Worked in State of residence: - Worked in county of residence,Estimate; Worked in State of residence: - Worked outside county of residence,Margin of Error; Worked in State of residence: - Worked outside county of residence,Estimate; Worked outside State of residence,Margin of Error; Worked outside State of residence
1400000US12086000123,12086000123,"Census Tract 1.23, Miami-Dade County, Florida",45675,12884,44165,12693,28625,8990,15540,8906,1510,1691
1400000US12086000124,12086000124,"Census Tract 1.24, Miami-Dade County, Florida",35545,10950,35545,10950,30495,7185,5050,6336,-,**
1400000US12086000127,12086000127,"Census Tract 1.27, Miami-Dade County, Florida",47865,8802,47865,8802,41510,8618,6355,3683,-,**
1400000US12086000130,12086000130,"Census Tract 1.30, Miami-Dade County, Florida",23100,7262,22030,7100,15865,6275,6165,3124,1070,1127
1400000US12086000131,12086000131,"Census Tract 1.31, Miami-Dade County, Florida",34925,11231,30235,10964,20990,7554,9245,5336,4690,4084
1400000US12086000132,12086000132,"Census Tract 1.32, Miami-Dade County, Florida",62560,17007,62560,17007,47100,16808,15465,9272,-,**
1400000US12086000134,12086000134,"Census Tract 1.34, Miami-Dade County, Florida",42100,9269,42100,9269,31120,8111,10980,4540,-,**
1400000US12086000140,12086000140,"Census Tract 1.40, Miami-Dade County, Florida",53490,15386,53490,15386,45285,14623,8205,4332,-,**
1400000US12086000202,12086000202,"Census Tract 2.02, Miami-Dade County, Florida",107020,17596,107020,17596,91665,18180,15355,6784,-,**
1400000US12086000209,12086000209,"Census Tract 2.09, Miami-Dade County, Florida",86775,16437,86775,16437,72700,16827,14075,5328,-,**
1400000US12086000211,12086000211,"Census Tract 2.11, Miami-Dade County, Florida",42505,7306,42505,7306,33355,7084,9150,3691,-,**
1400000US12086000212,12086000212,"Census Tract 2.12, Miami-Dade County, Florida",53330,9976,53330,9976,45145,9179,8185,4554,-,**
1400000US12086000213,12086000213,"Census Tract 2.13, Miami-Dade County, Florida",52445,9647,52445,9647,42835,8371,9605,4927,-,**
1400000US12086000214,12086000214,"Census Tract 2.14, Miami-Dade County, Florida",66505,10186,66505,10186,55575,8102,10930,6223,-,**
1400000US12086000215,12086000215,"Census Tract 2.15, Miami-Dade County, Florida",47025,10191,47025,10191,39620,9100,7405,5188,-,**
1400000US12086000216,12086000216,"Census Tract 2.16, Miami-Dade County, Florida",72360,10810,72360,10810,61945,9986,10415,4314,-,**
1400000US12086000217,12086000217,"Census Tract 2.17, Miami-Dade County, Florida",82200,9173,82200,9173,66315,9123,15885,5786,-,**
1400000US12086000218,12086000218,"Census Tract 2.18, Miami-Dade County, Florida",52595,11752,52595,11752,39115,8806,13480,7278,-,**
1400000US12086000220,12086000220,"Census Tract 2.20, Miami-Dade County, Florida",74095,22869,74095,22869,68585,23327,5510,4537,-,**
1400000US12086000306,12086000306,"Census Tract 3.06, Miami-Dade County, Florida",63770,12949,63770,12949,57395,12654,6375,3110,-,**
1400000US12086000307,12086000307,"Census Tract 3.07, Miami-Dade County, Florida",49060,9389,49060,9389,39445,9098,9615,5818,-,**
1400000US12086000402,12086000402,"Census Tract 4.02, Miami-Dade County, Florida",24135,7075,24135,7075,20400,5186,3735,2815,-,**
1400000US12086000403,12086000403,"Census Tract 4.03, Miami-Dade County, Florida",62875,15338,62875,15338,42845,12920,20030,11419,-,**
1400000US12086000404,12086000404,"Census Tract 4.04, Miami-Dade County, Florida",72660,17896,72660,17896,62725,16277,9935,5552,-,**
1400000US12086000405,12086000405,"Census Tract 4.05, Miami-Dade County, Florida",54945,9943,54945,9943,43650,8923,11295,5783,-,**
1400000US12086000409,12086000409,"Census Tract 4.09, Miami-Dade County, Florida",54590,14044,54590,14044,44630,11701,9960,5242,-,**
1400000US12086000410,12086000410,"Census Tract 4.10, Miami-Dade County, Florida",72195,16164,72195,16164,57450,14792,14745,6433,-,**
1400000US12086000411,12086000411,"Census Tract 4.11, Miami-Dade County, Florida",73390,14843,73390,14843,63905,13932,9485,5689,-,**
1400000US12086000412,12086000412,"Census Tract 4.12, Miami-Dade County, Florida",76495,18397,76495,18397,66385,20007,10110,5654,-,**
1400000US12086000414,12086000414,"Census Tract 4.14, Miami-Dade County, Florida",45245,8083,45245,8083,38485,7505,6760,3204,-,**
1400000US12086000501,12086000501,"Census Tract 5.01, Miami-Dade County, Florida",72300,11843,72300,11843,60005,10382,12295,4602,-,**
1400000US12086000503,12086000503,"Census Tract 5.03, Miami-Dade County, Florida",53210,9290,53210,9290,44570,9877,8640,4654,-,**
1400000US12086000504,12086000504,"Census Tract 5.04, Miami-Dade County, Florida",41850,9675,41850,9675,32090,9743,9760,6013,-,**
1400000US12086000601,12086000601,"Census Tract 6.01, Miami-Dade County, Florida",44650,8448,44650,8448,38920,7120,5730,3303,-,**
1400000US12086000602,12086000602,"Census Tract 6.02, Miami-Dade County, Florida",45340,7282,45340,7282,37620,6623,7720,3943,-,**
1400000US12086000603,12086000603,"Census Tract 6.03, Miami-Dade County, Florida",51180,8926,51180,8926,42540,6838,8640,4499,-,**
1400000US12086000604,12086000604,"Census Tract 6.04, Miami-Dade County, Florida",58695,9542,58695,9542,50925,9236,7770,3954,-,**
1400000US12086000607,12086000607,"Census Tract 6.07, Miami-Dade County, Florida",48475,9596,48475,9596,43885,9439,4590,4320,-,**
1400000US12086000608,12086000608,"Census Tract 6.08, Miami-Dade County, Florida",55845,10199,55845,10199,52200,10069,3645,2157,-,**
1400000US12086000705,12086000705,"Census Tract 7.05, Miami-Dade County, Florida",51615,11670,48630,11389,43435,10648,5195,3284,2985,3562
1400000US12086000706,12086000706,"Census Tract 7.06, Miami-Dade County, Florida",74755,11320,74755,11320,67700,11519,7055,5256,-,**
1400000US12086000708,12086000708,"Census Tract 7.08, Miami-Dade County, Florida",72505,15889,72505,15889,63315,13299,9190,5981,-,**
1400000US12086000709,12086000709,"Census Tract 7.09, Miami-Dade County, Florida",49715,10442,49715,10442,47845,10510,1870,1506,-,**
1400000US12086000712,12086000712,"Census Tract 7.12, Miami-Dade County, Florida",18645,4617,18645,4617,16435,4491,2210,1912,-,**
1400000US12086000804,12086000804,"Census Tract 8.04, Miami-Dade County, Florida",40300,11002,40300,11002,38245,9501,2055,2061,-,**
1400000US12086000806,12086000806,"Census Tract 8.06, Miami-Dade County, Florida",49560,11191,49560,11191,43710,10478,5850,3716,-,**
1400000US12086000808,12086000808,"Census Tract 8.08, Miami-Dade County, Florida",34790,8044,34790,8044,30525,7460,4265,2693,-,**
1400000US12086000901,12086000901,"Census Tract 9.01, Miami-Dade County, Florida",89435,19794,89435,19794,68480,11496,20955,13751,-,**
1400000US12086000902,12086000902,"Census Tract 9.02, Miami-Dade County, Florida",71975,12324,71975,12324,60500,10494,11475,5343,-,**
1400000US12086000903,12086000903,"Census Tract 9.03, Miami-Dade County, Florida",32530,8481,32530,8481,29230,7756,3300,1967,-,**
1400000US12086001002,12086001002,"Census Tract 10.02, Miami-Dade County, Florida",65970,16731,65970,16731,55205,14489,10765,7918,-,**
1400000US12086001003,12086001003,"Census Tract 10.03, Miami-Dade County, Florida",52205,10239,52205,10239,48700,10032,3505,2118,-,**
1400000US12086001004,12086001004,"Census Tract 10.04, Miami-Dade County, Florida",60475,15196,60475,15196,47645,13928,12830,6788,-,**
1400000US12086001005,12086001005,"Census Tract 10.05, Miami-Dade County, Florida",14990,4788,14990,4788,12215,4383,2775,1963,-,**
1400000US12086001102,12086001102,"Census Tract 11.02, Miami-Dade County, Florida",38910,7234,37495,7357,35500,7048,1995,1256,1410,1460
1400000US12086001103,12086001103,"Census Tract 11.03, Miami-Dade County, Florida",39965,8192,39965,8192,33710,7089,6255,3608,-,**
1400000US12086001104,12086001104,"Census Tract 11.04, Miami-Dade County, Florida",60360,9350,56530,8709,50910,8022,5615,2770,3830,3361
1400000US12086001203,12086001203,"Census Tract 12.03, Miami-Dade County, Florida",101740,19922,101740,19922,90990,19392,10750,4613,-,**
1400000US12086001301,12086001301,"Census Tract 13.01, Miami-Dade County, Florida",52275,15099,52275,15099,48725,14371,3550,4987,-,**
1400000US12086001302,12086001302,"Census Tract 13.02, Miami-Dade County, Florida",89265,18775,85970,16421,76160,12950,9810,6809,3295,4463
1400000US12086001401,12086001401,"Census Tract 14.01, Miami-Dade County, Florida",64530,20116,64530,20116,55725,16656,8805,5061,-,**
1400000US12086001402,12086001402,"Census Tract 14.02, Miami-Dade County, Florida",56595,16387,56595,16387,49285,13007,7310,5616,-,**
1400000US12086001501,12086001501,"Census Tract 15.01, Miami-Dade County, Florida",21580,6566,21580,6566,18115,6754,3465,2095,-,**
1400000US12086001502,12086001502,"Census Tract 15.02, Miami-Dade County, Florida",27425,7441,27425,7441,24475,6828,2950,2635,-,**
1400000US12086001602,12086001602,"Census Tract 16.02, Miami-Dade County, Florida",57685,11704,57685,11704,53625,10066,4060,3006,-,**
1400000US12086001603,12086001603,"Census Tract 16.03, Miami-Dade County, Florida",29445,6291,29445,6291,26905,5465,2540,2206,-,**
1400000US12086001701,12086001701,"Census Tract 17.01, Miami-Dade County, Florida",35350,9835,35350,9835,32410,9519,2940,2561,-,**
1400000US12086001702,12086001702,"Census Tract 17.02, Miami-Dade County, Florida",23880,4726,23880,4726,22455,4214,1425,1420,-,**
1400000US12086001901,12086001901,"Census Tract 19.01, Miami-Dade County, Florida",37370,8613,37370,8613,35250,8077,2120,2514,-,**
1400000US12086001904,12086001904,"Census Tract 19.04, Miami-Dade County, Florida",31780,10466,31780,10466,31210,10522,570,637,-,**
1400000US12086002001,12086002001,"Census Tract 20.01, Miami-Dade County, Florida",34965,7637,34965,7637,33125,7269,1840,1440,-,**
1400000US12086002003,12086002003,"Census Tract 20.03, Miami-Dade County, Florida",32230,7753,32230,7753,30450,7683,1775,1763,-,**
1400000US12086002004,12086002004,"Census Tract 20.04, Miami-Dade County, Florida",41660,9310,41660,9310,36890,8320,4770,4102,-,**
1400000US12086002100,12086002100,"Census Tract 21, Miami-Dade County, Florida",29890,7459,29890,7459,27705,6964,2180,2198,-,**
1400000US12086002201,12086002201,"Census Tract 22.01, Miami-Dade County, Florida",51350,9991,47475,8558,44745,8125,2730,2268,3880,4873
1400000US12086002202,12086002202,"Census Tract 22.02, Miami-Dade County, Florida",57190,9442,57190,9442,51705,8733,5485,3426,-,**
1400000US12086002300,12086002300,"Census Tract 23, Miami-Dade County, Florida",46825,11314,46825,11314,39810,10114,7015,6290,-,**
1400000US12086002402,12086002402,"Census Tract 24.02, Miami-Dade County, Florida",57670,11878,57670,11878,52940,9498,4735,5156,-,**
1400000US12086002501,12086002501,"Census Tract 25.01, Miami-Dade County, Florida",51375,15703,51375,15703,49925,15625,1450,1387,-,**
1400000US12086002703,12086002703,"Census Tract 27.03, Miami-Dade County, Florida",86295,17250,84480,17546,76965,17609,7515,4153,1815,1820
1400000US12086002705,12086002705,"Census Tract 27.05, Miami-Dade County, Florida",51095,18830,51095,18830,41240,18240,9855,6295,-,**
1400000US12086002800,12086002800,"Census Tract 28, Miami-Dade County, Florida",11705,6177,11705,6177,11705,6177,-,**,-,**
1400000US12086002900,12086002900,"Census Tract 29, Miami-Dade County, Florida",69010,12334,69010,12334,63130,12665,5880,4413,-,**
1400000US12086003003,12086003003,"Census Tract 30.03, Miami-Dade County, Florida",94450,19720,94450,19720,91540,19993,2910,2981,-,**
1400000US12086003004,12086003004,"Census Tract 30.04, Miami-Dade County, Florida",45105,10962,45105,10962,42875,9529,2230,2377,-,**
1400000US12086003100,12086003100,"Census Tract 31, Miami-Dade County, Florida",24480,7220,24480,7220,20870,6642,3610,3234,-,**
1400000US12086003703,12086003703,"Census Tract 37.03, Miami-Dade County, Florida",16515,5989,16515,5989,12255,3584,4260,5139,-,**
1400000US12086003706,12086003706,"Census Tract 37.06, Miami-Dade County, Florida",-,**,-,**,-,**,-,**,-,**
1400000US12086003801,12086003801,"Census Tract 38.01, Miami-Dade County, Florida",68695,11253,64045,11685,46075,8178,17975,7499,4650,5404
1400000US12086003803,12086003803,"Census Tract 38.03, Miami-Dade County, Florida",27200,6362,26840,6405,19425,5831,7420,3586,360,356
1400000US12086003906,12086003906,"Census Tract 39.06, Miami-Dade County, Florida",28255,5461,24705,4068,21005,3809,3700,1867,3550,4175
1400000US12086003914,12086003914,"Census Tract 39.14, Miami-Dade County, Florida",46540,11921,42270,10535,39045,10643,3225,2642,4270,5062
1400000US12086003915,12086003915,"Census Tract 39.15, Miami-Dade County, Florida",70455,14607,70455,14607,65920,14662,4535,4506,-,**
1400000US12086003916,12086003916,"Census Tract 39.16, Miami-Dade County, Florida",69405,12971,69405,12971,62635,12652,6770,3717,-,**
1400000US12086003917,12086003917,"Census Tract 39.17, Miami-Dade County, Florida",63730,10336,63730,10336,55980,9601,7745,4109,-,**
1400000US12086003918,12086003918,"Census Tract 39.18, Miami-Dade County, Florida",49085,10517,46975,9663,41970,9172,5005,4904,2110,2667
1400000US12086003921,12086003921,"Census Tract 39.21, Miami-Dade County, Florida",29215,7259,28450,7196,25425,6113,3025,2746,765,816
1400000US12086003922,12086003922,"Census Tract 39.22, Miami-Dade County, Florida",34210,10858,30290,8826,22595,6043,7695,8341,3920,3298
1400000US12086004000,12086004000,"Census Tract 40, Miami-Dade County, Florida",46430,17697,45540,17647,44330,17490,1210,1383,890,958
1400000US12086004102,12086004102,"Census Tract 41.02, Miami-Dade County, Florida",30470,5820,29195,5602,25595,5643,3600,2933,1275,1086
1400000US12086004105,12086004105,"Census Tract 41.05, Miami-Dade County, Florida",36065,10310,36065,10310,33365,9799,2700,2532,-,**
1400000US12086004206,12086004206,"Census Tract 42.06, Miami-Dade County, Florida",25595,7928,24065,7956,21060,7734,3005,1228,1530,1837
1400000US12086004404,12086004404,"Census Tract 44.04, Miami-Dade County, Florida",17105,5049,17105,5049,15435,5228,1670,1850,-,**
1400000US12086004406,12086004406,"Census Tract 44.06, Miami-Dade County, Florida",34325,7175,32660,7129,30585,7251,2075,1466,1665,1722
1400000US12086004500,12086004500,"Census Tract 45, Miami-Dade County, Florida",43405,13674,30415,7221,29335,7037,1080,1290,12990,11114
1400000US12086004602,12086004602,"Census Tract 46.02, Miami-Dade County, Florida",34510,5991,34205,6045,32005,6172,2200,2080,305,323
1400000US12086004605,12086004605,"Census Tract 46.05, Miami-Dade County, Florida",20535,6662,20535,6662,19020,6490,1515,1410,-,**
1400000US12086004608,12086004608,"Census Tract 46.08, Miami-Dade County, Florida",14990,4847,14990,4847,13035,4844,1955,2097,-,**
1400000US12086004901,12086004901,"Census Tract 49.01, Miami-Dade County, Florida",36860,7708,36860,7708,34460,6848,2400,1914,-,**
1400000US12086005102,12086005102,"Census Tract 51.02, Miami-Dade County, Florida",41720,10204,40160,10200,38945,10455,1215,1169,1560,1951
1400000US12086005202,12086005202,"Census Tract 52.02, Miami-Dade County, Florida",86840,14143,86840,14143,80745,13553,6095,2900,-,**
1400000US12086005405,12086005405,"Census Tract 54.05, Miami-Dade County, Florida",53585,18003,53585,18003,42695,9667,10890,14927,-,**
1400000US12086005502,12086005502,"Census Tract 55.02, Miami-Dade County, Florida",64340,15390,64340,15390,59300,14646,5040,4645,-,**
1400000US12086005701,12086005701,"Census Tract 57.01, Miami-Dade County, Florida",67340,11733,67340,11733,63035,10971,4305,3994,-,**
1400000US12086005703,12086005703,"Census Tract 57.03, Miami-Dade County, Florida",83575,15742,83575,15742,77145,15100,6430,7306,-,**
1400000US12086005704,12086005704,"Census Tract 57.04, Miami-Dade County, Florida",89485,15765,85885,14336,79305,13345,6580,4086,3600,5116
1400000US12086005801,12086005801,"Census Tract 58.01, Miami-Dade County, Florida",93945,19575,93945,19575,91195,19104,2750,2485,-,**
1400000US12086005802,12086005802,"Census Tract 58.02, Miami-Dade County, Florida",96495,14855,96495,14855,96495,14855,-,**,-,**
1400000US12086005904,12086005904,"Census Tract 59.04, Miami-Dade County, Florida",57715,12568,57715,12568,47715,9693,10000,6102,-,**
1400000US12086006001,12086006001,"Census Tract 60.01, Miami-Dade County, Florida",83785,17792,83785,17792,80060,17133,3725,2855,-,**
1400000US12086006101,12086006101,"Census Tract 61.01, Miami-Dade County, Florida",60335,6133,60335,6133,56895,6119,3440,2270,-,**
1400000US12086006102,12086006102,"Census Tract 61.02, Miami-Dade County, Florida",66500,10415,62460,9721,60380,9867,2085,2090,4040,5590
1400000US12086006302,12086006302,"Census Tract 63.02, Miami-Dade County, Florida",59040,12058,59040,12058,55485,11675,3555,3181,-,**
1400000US12086006401,12086006401,"Census Tract 64.01, Miami-Dade County, Florida",44300,9223,44300,9223,41280,9149,3020,2809,-,**
1400000US12086006403,12086006403,"Census Tract 64.03, Miami-Dade County, Florida",40330,7896,40330,7896,37790,7598,2540,1685,-,**
1400000US12086006705,12086006705,"Census Tract 67.05, Miami-Dade County, Florida",25415,6187,23285,6044,21060,5471,2225,2352,2130,1775
1400000US12086006707,12086006707,"Census Tract 67.07, Miami-Dade County, Florida",50955,10011,44760,10017,39475,10362,5285,3531,6195,6694
1400000US12086006709,12086006709,"Census Tract 67.09, Miami-Dade County, Florida",11610,3816,10800,3561,8420,3254,2380,1292,810,943
1400000US12086006711,12086006711,"Census Tract 67.11, Miami-Dade County, Florida",26890,6307,26455,6230,22200,5245,4255,2711,435,360
1400000US12086006801,12086006801,"Census Tract 68.01, Miami-Dade County, Florida",29020,7277,28075,6980,24010,5755,4065,3567,945,1001
1400000US12086006900,12086006900,"Census Tract 69, Miami-Dade County, Florida",69500,12886,69500,12886,66630,12345,2870,2251,-,**
1400000US12086007101,12086007101,"Census Tract 71.01, Miami-Dade County, Florida",31365,14813,31365,14813,27435,13994,3930,3741,-,**
1400000US12086007300,12086007300,"Census Tract 73, Miami-Dade County, Florida",38675,6560,38675,6560,36995,6851,1680,1341,-,**
1400000US12086007604,12086007604,"Census Tract 76.04, Miami-Dade County, Florida",84385,14219,80845,14233,76225,14887,4620,3846,3540,3536
1400000US12086007705,12086007705,"Census Tract 77.05, Miami-Dade County, Florida",71035,11596,71035,11596,66145,10941,4890,4226,-,**
1400000US12086007804,12086007804,"Census Tract 78.04, Miami-Dade County, Florida",89720,16950,89720,16950,87435,16639,2285,2652,-,**
1400000US12086007805,12086007805,"Census Tract 78.05, Miami-Dade County, Florida",68030,9787,66485,9785,64010,10013,2475,2134,1545,1155
1400000US12086008205,12086008205,"Census Tract 82.05, Miami-Dade County, Florida",55850,10622,54465,10747,48680,10334,5785,4802,1385,1215
1400000US12086008207,12086008207,"Census Tract 82.07, Miami-Dade County, Florida",71495,10916,70160,10601,62660,8205,7500,5840,1335,2159
1400000US12086008209,12086008209,"Census Tract 82.09, Miami-Dade County, Florida",66545,10380,65015,10111,62480,9894,2535,2401,1530,1161
1400000US12086008306,12086008306,"Census Tract 83.06, Miami-Dade County, Florida",130435,19922,128925,19989,124715,19724,4210,4154,1510,1390
1400000US12086008308,12086008308,"Census Tract 83.08, Miami-Dade County, Florida",99135,12604,99135,12604,89635,12219,9500,5626,-,**
1400000US12086008405,12086008405,"Census Tract 84.05, Miami-Dade County, Florida",82980,25478,82980,25478,73955,25364,9025,5268,-,**
1400000US12086008407,12086008407,"Census Tract 84.07, Miami-Dade County, Florida",105220,17592,105220,17592,102325,17639,2895,2526,-,**
1400000US12086008410,12086008410,"Census Tract 84.10, Miami-Dade County, Florida",108950,19578,108950,19578,98875,20209,10075,5744,-,**
1400000US12086008415,12086008415,"Census Tract 84.15, Miami-Dade County, Florida",73170,10937,72285,11033,61620,8713,10665,5838,885,937
1400000US12086008417,12086008417,"Census Tract 84.17, Miami-Dade County, Florida",102090,19181,102090,19181,91715,16549,10375,7029,-,**
1400000US12086008419,12086008419,"Census Tract 84.19, Miami-Dade County, Florida",75490,18031,75490,18031,71185,16836,4305,4357,-,**
1400000US12086008501,12086008501,"Census Tract 85.01, Miami-Dade County, Florida",100445,16838,100445,16838,93860,16234,6585,4357,-,**
1400000US12086008601,12086008601,"Census Tract 86.01, Miami-Dade County, Florida",61830,12471,61830,12471,59205,12462,2625,2436,-,**
1400000US12086008702,12086008702,"Census Tract 87.02, Miami-Dade County, Florida",68515,13170,68515,13170,62935,13083,5580,5041,-,**
1400000US12086008803,12086008803,"Census Tract 88.03, Miami-Dade County, Florida",78495,13927,78495,13927,74595,13144,3900,4612,-,**
1400000US12086008806,12086008806,"Census Tract 88.06, Miami-Dade County, Florida",51285,9532,51285,9532,49005,8152,2285,3067,-,**
1400000US12086008901,12086008901,"Census Tract 89.01, Miami-Dade County, Florida",109060,17562,109060,17562,100630,17480,8430,7467,-,**
1400000US12086008902,12086008902,"Census Tract 89.02, Miami-Dade County, Florida",76680,14601,76680,14601,72880,14122,3800,3588,-,**
1400000US12086008907,12086008907,"Census Tract 89.07, Miami-Dade County, Florida",63015,9541,63015,9541,61230,9551,1785,1702,-,**
1400000US12086009006,12086009006,"Census Tract 90.06, Miami-Dade County, Florida",99805,14033,99805,14033,95645,13892,4160,3914,-,**
1400000US12086009014,12086009014,"Census Tract 90.14, Miami-Dade County, Florida",53380,9169,53380,9169,48425,9290,4955,3873,-,**
1400000US12086009017,12086009017,"Census Tract 90.17, Miami-Dade County, Florida",88145,11914,88145,11914,84135,12027,4010,2508,-,**
1400000US12086009021,12086009021,"Census Tract 90.21, Miami-Dade County, Florida",61545,10523,61545,10523,55605,9867,5940,4183,-,**
1400000US12086009023,12086009023,"Census Tract 90.23, Miami-Dade County, Florida",99780,16056,99780,16056,96095,16386,3685,3226,-,**
1400000US12086009024,12086009024,"Census Tract 90.24, Miami-Dade County, Florida",53985,9571,53985,9571,50145,9012,3840,3243,-,**
1400000US12086009027,12086009027,"Census Tract 90.27, Miami-Dade County, Florida",52785,10652,52785,10652,50025,10534,2760,2626,-,**
1400000US12086009029,12086009029,"Census Tract 90.29, Miami-Dade County, Florida",58890,13449,58890,13449,57405,13152,1485,1381,-,**
1400000US12086009035,12086009035,"Census Tract 90.35, Miami-Dade County, Florida",49250,9069,49250,9069,46995,9027,2255,1959,-,**
1400000US12086009040,12086009040,"Census Tract 90.40, Miami-Dade County, Florida",310,273,310,273,310,273,-,**,-,**
1400000US12086009043,12086009043,"Census Tract 90.43, Miami-Dade County, Florida",45270,8274,45270,8274,41160,8174,4110,3652,-,**
1400000US12086009200,12086009200,"Census Tract 92, Miami-Dade County, Florida",39580,7315,39580,7315,32995,6707,6585,2869,-,**
1400000US12086009305,12086009305,"Census Tract 93.05, Miami-Dade County, Florida",45680,7518,45680,7518,38680,6989,7000,2516,-,**
1400000US12086009306,12086009306,"Census Tract 93.06, Miami-Dade County, Florida",58795,10738,58795,10738,43525,8070,15270,8337,-,**
1400000US12086009307,12086009307,"Census Tract 93.07, Miami-Dade County, Florida",52940,18368,52940,18368,48950,18139,3990,3866,-,**
1400000US12086009308,12086009308,"Census Tract 93.08, Miami-Dade County, Florida",83135,18389,83135,18389,77935,17388,5200,4109,-,**
1400000US12086009313,12086009313,"Census Tract 93.13, Miami-Dade County, Florida",67400,13804,67400,13804,61035,13489,6365,3999,-,**
1400000US12086009314,12086009314,"Census Tract 93.14, Miami-Dade County, Florida",41940,6493,41940,6493,34120,6861,7820,4610,-,**
1400000US12086009400,12086009400,"Census Tract 94, Miami-Dade County, Florida",73770,9899,73770,9899,55945,9233,17825,6985,-,**
1400000US12086009501,12086009501,"Census Tract 95.01, Miami-Dade County, Florida",78940,14889,78940,14889,57840,11375,21100,10073,-,**
1400000US12086009503,12086009503,"Census Tract 95.03, Miami-Dade County, Florida",43060,8584,43060,8584,31420,6915,11640,4992,-,**
1400000US12086009504,12086009504,"Census Tract 95.04, Miami-Dade County, Florida",65850,10963,65850,10963,52700,10571,13150,5300,-,**
1400000US12086009600,12086009600,"Census Tract 96, Miami-Dade County, Florida",91275,14704,91275,14704,73115,13823,18160,8089,-,**
1400000US12086009703,12086009703,"Census Tract 97.03, Miami-Dade County, Florida",34465,5913,34465,5913,22985,5620,11480,4036,-,**
1400000US12086009704,12086009704,"Census Tract 97.04, Miami-Dade County, Florida",70745,12686,70745,12686,57525,12065,13220,6564,-,**
1400000US12086009706,12086009706,"Census Tract 97.06, Miami-Dade County, Florida",41400,9549,41400,9549,30545,9079,10855,3901,-,**
1400000US12086009803,12086009803,"Census Tract 98.03, Miami-Dade County, Florida",73550,13540,73550,13540,59950,13031,13600,3664,-,**
1400000US12086009806,12086009806,"Census Tract 98.06, Miami-Dade County, Florida",37885,10028,37885,10028,29425,8378,8465,4068,-,**
1400000US12086009808,12086009808,"Census Tract 98.08, Miami-Dade County, Florida",60580,12283,60580,12283,53420,11850,7160,3935,-,**
1400000US12086009901,12086009901,"Census Tract 99.01, Miami-Dade County, Florida",125230,21007,125230,21007,89645,19926,35590,12044,-,**
1400000US12086009903,12086009903,"Census Tract 99.03, Miami-Dade County, Florida",64450,13495,64450,13495,49605,12815,14850,5713,-,**
1400000US12086009904,12086009904,"Census Tract 99.04, Miami-Dade County, Florida",39090,10121,39090,10121,27570,7763,11520,5308,-,**
1400000US12086009905,12086009905,"Census Tract 99.05, Miami-Dade County, Florida",70140,12904,70140,12904,51110,10020,19030,10004,-,**
1400000US12086009906,12086009906,"Census Tract 99.06, Miami-Dade County, Florida",79145,12704,79145,12704,61180,12208,17960,6406,-,**
1400000US12086010005,12086010005,"Census Tract 100.05, Miami-Dade County, Florida",85565,16367,85565,16367,70770,12432,14795,6434,-,**
1400000US12086010006,12086010006,"Census Tract 100.06, Miami-Dade County, Florida",96235,21665,96235,21665,81225,20110,15010,9029,-,**
1400000US12086010010,12086010010,"Census Tract 100.10, Miami-Dade County, Florida",49180,9205,49180,9205,38275,8654,10905,4984,-,**
1400000US12086010011,12086010011,"Census Tract 100.11, Miami-Dade County, Florida",65480,14696,65480,14696,54615,12995,10865,5482,-,**
1400000US12086010012,12086010012,"Census Tract 100.12, Miami-Dade County, Florida",58790,12693,58790,12693,40825,9858,17965,7740,-,**
1400000US12086010015,12086010015,"Census Tract 100.15, Miami-Dade County, Florida",44090,9593,44090,9593,31885,7594,12205,6163,-,**
1400000US12086010016,12086010016,"Census Tract 100.16, Miami-Dade County, Florida",62455,9667,62455,9667,50580,9211,11875,5309,-,**
1400000US12086010201,12086010201,"Census Tract 102.01, Miami-Dade County, Florida",67935,10813,67935,10813,66105,10610,1830,1732,-,**
1400000US12086010209,12086010209,"Census Tract 102.09, Miami-Dade County, Florida",75825,14197,75825,14197,75825,14197,-,**,-,**
1400000US12086010210,12086010210,"Census Tract 102.10, Miami-Dade County, Florida",107955,16969,107955,16969,101385,16010,6570,6259,-,**
1400000US12086010500,12086010500,"Census Tract 105, Miami-Dade County, Florida",110100,20083,110100,20083,104220,20379,5880,4470,-,**
1400000US12086010604,12086010604,"Census Tract 106.04, Miami-Dade County, Florida",84560,11835,84560,11835,82760,11792,1800,1698,-,**
1400000US12086010606,12086010606,"Census Tract 106.06, Miami-Dade County, Florida",108285,14542,108285,14542,98505,14743,9780,7073,-,**
1400000US12086010614,12086010614,"Census Tract 106.14, Miami-Dade County, Florida",104825,19729,104825,19729,95605,18656,9220,9656,-,**
1400000US12086010703,12086010703,"Census Tract 107.03, Miami-Dade County, Florida",184640,25266,182795,25441,170545,26241,12250,7564,1845,1974
1400000US12086010801,12086010801,"Census Tract 108.01, Miami-Dade County, Florida",71930,10704,71930,10704,66695,10536,5235,4051,-,**
1400000US12086010802,12086010802,"Census Tract 108.02, Miami-Dade County, Florida",62255,14517,62255,14517,58760,14078,3495,3157,-,**
1400000US12086010900,12086010900,"Census Tract 109, Miami-Dade County, Florida",65170,14156,65170,14156,61870,14319,3300,3095,-,**
1400000US12086011001,12086011001,"Census Tract 110.01, Miami-Dade County, Florida",120035,22602,120035,22602,95905,17119,24130,18349,-,**
1400000US12086011003,12086011003,"Census Tract 110.03, Miami-Dade County, Florida",46990,9062,46990,9062,44035,8662,2955,2594,-,**
1400000US12086011005,12086011005,"Census Tract 110.05, Miami-Dade County, Florida",82425,17327,82425,17327,70635,16704,11790,10031,-,**
1400000US12086011007,12086011007,"Census Tract 110.07, Miami-Dade County, Florida",88955,17946,88955,17946,82975,16356,5980,5291,-,**
1400000US12086011008,12086011008,"Census Tract 110.08, Miami-Dade County, Florida",69580,12381,69580,12381,65830,12365,3750,3858,-,**
1400000US12086011202,12086011202,"Census Tract 112.02, Miami-Dade County, Florida",93885,16708,93885,16708,88205,16735,5680,4423,-,**
1400000US12086011300,12086011300,"Census Tract 113, Miami-Dade County, Florida",59180,15845,59180,15845,42880,13273,16300,9257,-,**
1400000US12086011401,12086011401,"Census Tract 114.01, Miami-Dade County, Florida",198700,43328,198700,43328,170195,39276,28505,19401,-,**
1400000US12086011404,12086011404,"Census Tract 114.04, Miami-Dade County, Florida",49265,11849,46375,8841,35070,8427,11305,5765,2890,5168
1400000US12086011700,12086011700,"Census Tract 117, Miami-Dade County, Florida",98180,14070,98180,14070,66435,12583,31745,12683,-,**
1400000US12086011800,12086011800,"Census Tract 118, Miami-Dade County, Florida",51525,7245,51525,7245,39790,6911,11735,5189,-,**
1400000US12086011900,12086011900,"Census Tract 119, Miami-Dade County, Florida",70220,9283,70220,9283,49595,6754,20625,5673,-,**
1400000US12086012000,12086012000,"Census Tract 120, Miami-Dade County, Florida",111380,19078,111380,19078,84815,14575,26565,9564,-,**
1400000US12086012100,12086012100,"Census Tract 121, Miami-Dade County, Florida",194695,24154,194695,24154,151220,21574,43475,11298,-,**
1400000US12086012200,12086012200,"Census Tract 122, Miami-Dade County, Florida",75945,8468,75945,8468,54425,7021,21515,7372,-,**
1400000US12086012300,12086012300,"Census Tract 123, Miami-Dade County, Florida",100390,16054,100390,16054,79620,12927,20770,6550,-,**
1400000US12086012600,12086012600,"Census Tract 126, Miami-Dade County, Florida",77300,9666,77300,9666,62495,7660,14805,5593,-,**
1400000US12086012700,12086012700,"Census Tract 127, Miami-Dade County, Florida",94650,15515,94650,15515,80020,15151,14630,5810,-,**
1400000US12086012800,12086012800,"Census Tract 128, Miami-Dade County, Florida",86210,9883,84660,9396,75500,10368,9160,4577,1550,1685
1400000US12086012900,12086012900,"Census Tract 129, Miami-Dade County, Florida",44770,6510,44770,6510,42195,5736,2575,2238,-,**
1400000US12086013100,12086013100,"Census Tract 131, Miami-Dade County, Florida",59170,8567,59170,8567,52615,8795,6555,2801,-,**
1400000US12086013300,12086013300,"Census Tract 133, Miami-Dade County, Florida",69780,11926,69780,11926,60905,9991,8875,4059,-,**
1400000US12086013400,12086013400,"Census Tract 134, Miami-Dade County, Florida",55155,10603,55155,10603,46415,9697,8740,3935,-,**
1400000US12086013500,12086013500,"Census Tract 135, Miami-Dade County, Florida",44960,9539,44960,9539,41130,9703,3830,2354,-,**
1400000US12086013600,12086013600,"Census Tract 136, Miami-Dade County, Florida",57985,10208,57985,10208,47525,9200,10460,4789,-,**
1400000US12086013700,12086013700,"Census Tract 137, Miami-Dade County, Florida",50110,8522,50110,8522,43210,8322,6900,3445,-,**
1400000US12086013900,12086013900,"Census Tract 139, Miami-Dade County, Florida",67245,13044,67245,13044,49190,8205,18055,11277,-,**
1400000US12086014000,12086014000,"Census Tract 140, Miami-Dade County, Florida",770,553,770,553,770,553,-,**,-,**
1400000US12086014100,12086014100,"Census Tract 141, Miami-Dade County, Florida",-,**,-,**,-,**,-,**,-,**
1400000US12086014200,12086014200,"Census Tract 142, Miami-Dade County, Florida",73750,8994,73750,8994,70485,8495,3265,3284,-,**
1400000US12086014400,12086014400,"Census Tract 144, Miami-Dade County, Florida",78935,12133,78935,12133,73510,10770,5425,7764,-,**
1400000US12086014800,12086014800,"Census Tract 148, Miami-Dade County, Florida",74520,11420,74520,11420,68760,10576,5760,4655,-,**
1400000US12086014900,12086014900,"Census Tract 149, Miami-Dade County, Florida",90570,12537,90570,12537,81375,11278,9195,5475,-,**
1400000US12086015100,12086015100,"Census Tract 151, Miami-Dade County, Florida",181870,21707,181870,21707,171310,21090,10560,6514,-,**
1400000US12086015300,12086015300,"Census Tract 153, Miami-Dade County, Florida",81540,12146,81540,12146,72315,11126,9225,4920,-,**
1400000US12086015400,12086015400,"Census Tract 154, Miami-Dade County, Florida",72585,11724,72585,11724,68985,11087,3600,2954,-,**
1400000US12086015500,12086015500,"Census Tract 155, Miami-Dade County, Florida",86250,12530,86250,12530,78990,11379,7260,4688,-,**
1400000US12086015700,12086015700,"Census Tract 157, Miami-Dade County, Florida",29620,5671,29140,5456,27160,5467,1980,1671,480,1187
1400000US12086015800,12086015800,"Census Tract 158, Miami-Dade County, Florida",74460,17489,74460,17489,72080,16928,2380,2508,-,**
1400000US12086016000,12086016000,"Census Tract 160, Miami-Dade County, Florida",86145,12983,84480,12844,80120,12036,4360,3225,1665,1525
1400000US12086016100,12086016100,"Census Tract 161, Miami-Dade County, Florida",86240,10660,86240,10660,82240,10281,4000,3198,-,**
1400000US12086016200,12086016200,"Census Tract 162, Miami-Dade County, Florida",51650,10934,51650,10934,50735,11055,915,1015,-,**
1400000US12086016300,12086016300,"Census Tract 163, Miami-Dade County, Florida",113355,24159,110925,24257,105640,25228,5285,4144,2430,2414
1400000US12086016700,12086016700,"Census Tract 167, Miami-Dade County, Florida",87880,17343,87880,17343,79580,16067,8300,5455,-,**
1400000US12086016800,12086016800,"Census Tract 168, Miami-Dade County, Florida",64025,12321,64025,12321,62395,12426,1630,1378,-,**
1400000US12086017200,12086017200,"Census Tract 172, Miami-Dade County, Florida",61755,11945,61755,11945,59025,11675,2730,3032,-,**
1400000US12086017400,12086017400,"Census Tract 174, Miami-Dade County, Florida",90060,13919,90060,13919,83600,13095,6460,5305,-,**
1400000US12086017500,12086017500,"Census Tract 175, Miami-Dade County, Florida",65190,11898,65190,11898,61035,10834,4155,3777,-,**
1400000US12086017700,12086017700,"Census Tract 177, Miami-Dade County, Florida",70310,13521,70310,13521,68150,13278,2160,2523,-,**
1400000US12086017800,12086017800,"Census Tract 178, Miami-Dade County, Florida",105820,15440,105820,15440,100240,14794,5580,5775,-,**
1400000US12086017900,12086017900,"Census Tract 179, Miami-Dade County, Florida",145490,20750,145490,20750,134945,19453,10545,5650,-,**
1400000US12086018700,12086018700,"Census Tract 187, Miami-Dade County, Florida",89630,18473,89630,18473,84305,18792,5325,3902,-,**
1400000US12086018800,12086018800,"Census Tract 188, Miami-Dade County, Florida",135010,20830,122150,17226,118390,16422,3760,4332,12860,15182
1400000US12086019200,12086019200,"Census Tract 192, Miami-Dade County, Florida",83870,14281,83870,14281,77910,13645,5960,3905,-,**
1400000US12086019500,12086019500,"Census Tract 195, Miami-Dade County, Florida",110965,20170,110965,20170,108235,19920,2730,2594,-,**
1400000US12086019700,12086019700,"Census Tract 197, Miami-Dade County, Florida",73345,10676,73345,10676,71830,10505,1515,1426,-,**
1400000US12086019800,12086019800,"Census Tract 198, Miami-Dade County, Florida",161670,26339,161670,26339,148905,25992,12765,9184,-,**
1400000US12086019900,12086019900,"Census Tract 199, Miami-Dade County, Florida",203635,20796,203635,20796,189135,19802,14500,9169,-,**
1400000US12086020100,12086020100,"Census Tract 201, Miami-Dade County, Florida",88480,10193,88480,10193,85905,10004,2575,2486,-,**
1400000US12086020300,12086020300,"Census Tract 203, Miami-Dade County, Florida",62835,11743,62835,11743,60940,11617,1895,2322,-,**
1400000US12086490100,12086490100,"Census Tract 4901, Miami-Dade County, Florida",21155,4006,21155,4006,20100,3900,1055,1065,-,**
1400000US12086980100,12086980100,"Census Tract 9801, Miami-Dade County, Florida",-,**,-,**,-,**,-,**,-,**
1400000US12086980200,12086980200,"Census Tract 9802, Miami-Dade County, Florida",-,**,-,**,-,**,-,**,-,**
1400000US12086980300,12086980300,"Census Tract 9803, Miami-Dade County, Florida",18665,6318,18665,6318,17940,6249,725,972,-,**
1400000US12086980400,12086980400,"Census Tract 9804, Miami-Dade County, Florida",-,**,-,**,-,**,-,**,-,**
1400000US12086980500,12086980500,"Census Tract 9805, Miami-Dade County, Florida",-,**,-,**,-,**,-,**,-,**
1400000US12086980600,12086980600,"Census Tract 9806, Miami-Dade County, Florida",-,**,-,**,-,**,-,**,-,**
1400000US12086980700,12086980700,"Census Tract 9807, Miami-Dade County, Florida",3985,3247,3985,3247,3985,3247,-,**,-,**
1400000US12086980800,12086980800,"Census Tract 9808, Miami-Dade County, Florida",-,**,-,**,-,**,-,**,-,**
1400000US12086980900,12086980900,"Census Tract 9809, Miami-Dade County, Florida",-,**,-,**,-,**,-,**,-,**
1400000US12086981000,12086981000,"Census Tract 9810, Miami-Dade County, Florida",205,283,205,283,205,283,-,**,-,**
1400000US12086990000,12086990000,"Census Tract 9900, Miami-Dade County, Florida",-,**,-,**,-,**,-,**,-,**
