GEO.id,Id
GEO.id2,Id2
GEO.display-label,Geography
HD01_VD01,Estimate; Total:
HD02_VD01,Margin of Error; Total:
HD01_VD02,Estimate; Living in a principal city:
HD02_VD02,Margin of Error; Living in a principal city:
HD01_VD03,Estimate; Living in a principal city: - Worked in Metropolitan Statistical Area of residence:
HD02_VD03,Margin of Error; Living in a principal city: - Worked in Metropolitan Statistical Area of residence:
HD01_VD04,Estimate; Living in a principal city: - Worked in Metropolitan Statistical Area of residence: - Worked in a principal city
HD02_VD04,Margin of Error; Living in a principal city: - Worked in Metropolitan Statistical Area of residence: - Worked in a principal city
HD01_VD05,Estimate; Living in a principal city: - Worked in Metropolitan Statistical Area of residence: - Worked outside any principal city
HD02_VD05,Margin of Error; Living in a principal city: - Worked in Metropolitan Statistical Area of residence: - Worked outside any principal city
HD01_VD06,Estimate; Living in a principal city: - Worked in a different Metropolitan Statistical Area:
HD02_VD06,Margin of Error; Living in a principal city: - Worked in a different Metropolitan Statistical Area:
HD01_VD07,Estimate; Living in a principal city: - Worked in a different Metropolitan Statistical Area: - Worked in a principal city
HD02_VD07,Margin of Error; Living in a principal city: - Worked in a different Metropolitan Statistical Area: - Worked in a principal city
HD01_VD08,Estimate; Living in a principal city: - Worked in a different Metropolitan Statistical Area: - Worked outside any principal city
HD02_VD08,Margin of Error; Living in a principal city: - Worked in a different Metropolitan Statistical Area: - Worked outside any principal city
HD01_VD09,Estimate; Living in a principal city: - Worked in a Micropolitan Statistical Area:
HD02_VD09,Margin of Error; Living in a principal city: - Worked in a Micropolitan Statistical Area:
HD01_VD10,Estimate; Living in a principal city: - Worked in a Micropolitan Statistical Area: - Worked in a principal city
HD02_VD10,Margin of Error; Living in a principal city: - Worked in a Micropolitan Statistical Area: - Worked in a principal city
HD01_VD11,Estimate; Living in a principal city: - Worked in a Micropolitan Statistical Area: - Worked outside any principal city
HD02_VD11,Margin of Error; Living in a principal city: - Worked in a Micropolitan Statistical Area: - Worked outside any principal city
HD01_VD12,Estimate; Living in a principal city: - Worked outside any Metropolitan or Micropolitan Statistical Area
HD02_VD12,Margin of Error; Living in a principal city: - Worked outside any Metropolitan or Micropolitan Statistical Area
HD01_VD13,Estimate; Living outside any principal city:
HD02_VD13,Margin of Error; Living outside any principal city:
HD01_VD14,Estimate; Living outside any principal city: - Worked in Metropolitan Statistical Area of residence:
HD02_VD14,Margin of Error; Living outside any principal city: - Worked in Metropolitan Statistical Area of residence:
HD01_VD15,Estimate; Living outside any principal city: - Worked in Metropolitan Statistical Area of residence: - Worked in a principal city
HD02_VD15,Margin of Error; Living outside any principal city: - Worked in Metropolitan Statistical Area of residence: - Worked in a principal city
HD01_VD16,Estimate; Living outside any principal city: - Worked in Metropolitan Statistical Area of residence: - Worked outside any principal city
HD02_VD16,Margin of Error; Living outside any principal city: - Worked in Metropolitan Statistical Area of residence: - Worked outside any principal city
HD01_VD17,Estimate; Living outside any principal city: - Worked in a different Metropolitan Statistical Area:
HD02_VD17,Margin of Error; Living outside any principal city: - Worked in a different Metropolitan Statistical Area:
HD01_VD18,Estimate; Living outside any principal city: - Worked in a different Metropolitan Statistical Area: - Worked in a principal city
HD02_VD18,Margin of Error; Living outside any principal city: - Worked in a different Metropolitan Statistical Area: - Worked in a principal city
HD01_VD19,Estimate; Living outside any principal city: - Worked in a different Metropolitan Statistical Area: - Worked outside any principal city
HD02_VD19,Margin of Error; Living outside any principal city: - Worked in a different Metropolitan Statistical Area: - Worked outside any principal city
HD01_VD20,Estimate; Living outside any principal city: - Worked in a Micropolitan Statistical Area:
HD02_VD20,Margin of Error; Living outside any principal city: - Worked in a Micropolitan Statistical Area:
HD01_VD21,Estimate; Living outside any principal city: - Worked in a Micropolitan Statistical Area: - Worked in a principal city
HD02_VD21,Margin of Error; Living outside any principal city: - Worked in a Micropolitan Statistical Area: - Worked in a principal city
HD01_VD22,Estimate; Living outside any principal city: - Worked in a Micropolitan Statistical Area: - Worked outside any principal city
HD02_VD22,Margin of Error; Living outside any principal city: - Worked in a Micropolitan Statistical Area: - Worked outside any principal city
HD01_VD23,Estimate; Living outside any principal city: - Worked outside any Metropolitan or Micropolitan Statistical Area
HD02_VD23,Margin of Error; Living outside any principal city: - Worked outside any Metropolitan or Micropolitan Statistical Area
