GEO.id,GEO.id2,GEO.display-label,HD01_VD01,HD02_VD01
Id,Id2,Geography,Estimate; Total,Margin of Error; Total
1400000US12086000107,12086000107,"Census Tract 1.07, Miami-Dade County, Florida",2484,516
1400000US12086000109,12086000109,"Census Tract 1.09, Miami-Dade County, Florida",3643,437
1400000US12086000113,12086000113,"Census Tract 1.13, Miami-Dade County, Florida",7481,861
1400000US12086000115,12086000115,"Census Tract 1.15, Miami-Dade County, Florida",2687,636
1400000US12086000118,12086000118,"Census Tract 1.18, Miami-Dade County, Florida",1156,207
1400000US12086000119,12086000119,"Census Tract 1.19, Miami-Dade County, Florida",4254,696
1400000US12086000120,12086000120,"Census Tract 1.20, Miami-Dade County, Florida",4611,518
1400000US12086000121,12086000121,"Census Tract 1.21, Miami-Dade County, Florida",1810,521
1400000US12086000122,12086000122,"Census Tract 1.22, Miami-Dade County, Florida",3775,856
1400000US12086000123,12086000123,"Census Tract 1.23, Miami-Dade County, Florida",4110,646
1400000US12086000124,12086000124,"Census Tract 1.24, Miami-Dade County, Florida",3105,455
1400000US12086000125,12086000125,"Census Tract 1.25, Miami-Dade County, Florida",3719,666
1400000US12086000126,12086000126,"Census Tract 1.26, Miami-Dade County, Florida",2333,422
1400000US12086000127,12086000127,"Census Tract 1.27, Miami-Dade County, Florida",3869,511
1400000US12086000128,12086000128,"Census Tract 1.28, Miami-Dade County, Florida",1665,403
1400000US12086000129,12086000129,"Census Tract 1.29, Miami-Dade County, Florida",2120,485
1400000US12086000130,12086000130,"Census Tract 1.30, Miami-Dade County, Florida",2602,501
1400000US12086000131,12086000131,"Census Tract 1.31, Miami-Dade County, Florida",2243,472
1400000US12086000132,12086000132,"Census Tract 1.32, Miami-Dade County, Florida",5276,669
1400000US12086000133,12086000133,"Census Tract 1.33, Miami-Dade County, Florida",7039,1039
1400000US12086000134,12086000134,"Census Tract 1.34, Miami-Dade County, Florida",2981,506
1400000US12086000140,12086000140,"Census Tract 1.40, Miami-Dade County, Florida",3145,552
1400000US12086000202,12086000202,"Census Tract 2.02, Miami-Dade County, Florida",7826,784
1400000US12086000204,12086000204,"Census Tract 2.04, Miami-Dade County, Florida",4886,478
1400000US12086000206,12086000206,"Census Tract 2.06, Miami-Dade County, Florida",5698,517
1400000US12086000209,12086000209,"Census Tract 2.09, Miami-Dade County, Florida",6531,690
1400000US12086000211,12086000211,"Census Tract 2.11, Miami-Dade County, Florida",3142,369
1400000US12086000212,12086000212,"Census Tract 2.12, Miami-Dade County, Florida",4298,524
1400000US12086000213,12086000213,"Census Tract 2.13, Miami-Dade County, Florida",5660,752
1400000US12086000214,12086000214,"Census Tract 2.14, Miami-Dade County, Florida",5744,604
1400000US12086000215,12086000215,"Census Tract 2.15, Miami-Dade County, Florida",4116,528
1400000US12086000216,12086000216,"Census Tract 2.16, Miami-Dade County, Florida",5016,547
1400000US12086000217,12086000217,"Census Tract 2.17, Miami-Dade County, Florida",6499,532
1400000US12086000218,12086000218,"Census Tract 2.18, Miami-Dade County, Florida",3732,573
1400000US12086000219,12086000219,"Census Tract 2.19, Miami-Dade County, Florida",4398,516
1400000US12086000220,12086000220,"Census Tract 2.20, Miami-Dade County, Florida",5349,934
1400000US12086000301,12086000301,"Census Tract 3.01, Miami-Dade County, Florida",6632,992
1400000US12086000302,12086000302,"Census Tract 3.02, Miami-Dade County, Florida",2733,392
1400000US12086000305,12086000305,"Census Tract 3.05, Miami-Dade County, Florida",7568,961
1400000US12086000306,12086000306,"Census Tract 3.06, Miami-Dade County, Florida",5464,693
1400000US12086000307,12086000307,"Census Tract 3.07, Miami-Dade County, Florida",4343,581
1400000US12086000308,12086000308,"Census Tract 3.08, Miami-Dade County, Florida",5814,600
1400000US12086000402,12086000402,"Census Tract 4.02, Miami-Dade County, Florida",3767,500
1400000US12086000403,12086000403,"Census Tract 4.03, Miami-Dade County, Florida",6230,750
1400000US12086000404,12086000404,"Census Tract 4.04, Miami-Dade County, Florida",6165,953
1400000US12086000405,12086000405,"Census Tract 4.05, Miami-Dade County, Florida",4616,509
1400000US12086000408,12086000408,"Census Tract 4.08, Miami-Dade County, Florida",4488,582
1400000US12086000409,12086000409,"Census Tract 4.09, Miami-Dade County, Florida",4759,858
1400000US12086000410,12086000410,"Census Tract 4.10, Miami-Dade County, Florida",5235,560
1400000US12086000411,12086000411,"Census Tract 4.11, Miami-Dade County, Florida",6292,742
1400000US12086000412,12086000412,"Census Tract 4.12, Miami-Dade County, Florida",6730,927
1400000US12086000413,12086000413,"Census Tract 4.13, Miami-Dade County, Florida",4933,766
1400000US12086000414,12086000414,"Census Tract 4.14, Miami-Dade County, Florida",4736,572
1400000US12086000501,12086000501,"Census Tract 5.01, Miami-Dade County, Florida",8197,578
1400000US12086000503,12086000503,"Census Tract 5.03, Miami-Dade County, Florida",7200,822
1400000US12086000504,12086000504,"Census Tract 5.04, Miami-Dade County, Florida",4940,618
1400000US12086000505,12086000505,"Census Tract 5.05, Miami-Dade County, Florida",5954,653
1400000US12086000601,12086000601,"Census Tract 6.01, Miami-Dade County, Florida",5292,505
1400000US12086000602,12086000602,"Census Tract 6.02, Miami-Dade County, Florida",5128,519
1400000US12086000603,12086000603,"Census Tract 6.03, Miami-Dade County, Florida",5135,523
1400000US12086000604,12086000604,"Census Tract 6.04, Miami-Dade County, Florida",6577,525
1400000US12086000605,12086000605,"Census Tract 6.05, Miami-Dade County, Florida",4621,503
1400000US12086000607,12086000607,"Census Tract 6.07, Miami-Dade County, Florida",5510,446
1400000US12086000608,12086000608,"Census Tract 6.08, Miami-Dade County, Florida",7552,676
1400000US12086000705,12086000705,"Census Tract 7.05, Miami-Dade County, Florida",4743,654
1400000US12086000706,12086000706,"Census Tract 7.06, Miami-Dade County, Florida",8289,669
1400000US12086000707,12086000707,"Census Tract 7.07, Miami-Dade County, Florida",7754,649
1400000US12086000708,12086000708,"Census Tract 7.08, Miami-Dade County, Florida",7123,729
1400000US12086000709,12086000709,"Census Tract 7.09, Miami-Dade County, Florida",6789,695
1400000US12086000710,12086000710,"Census Tract 7.10, Miami-Dade County, Florida",4995,574
1400000US12086000711,12086000711,"Census Tract 7.11, Miami-Dade County, Florida",5165,423
1400000US12086000712,12086000712,"Census Tract 7.12, Miami-Dade County, Florida",2516,233
1400000US12086000804,12086000804,"Census Tract 8.04, Miami-Dade County, Florida",5117,496
1400000US12086000805,12086000805,"Census Tract 8.05, Miami-Dade County, Florida",6216,539
1400000US12086000806,12086000806,"Census Tract 8.06, Miami-Dade County, Florida",4942,517
1400000US12086000807,12086000807,"Census Tract 8.07, Miami-Dade County, Florida",4141,467
1400000US12086000808,12086000808,"Census Tract 8.08, Miami-Dade County, Florida",4273,387
1400000US12086000901,12086000901,"Census Tract 9.01, Miami-Dade County, Florida",7508,810
1400000US12086000902,12086000902,"Census Tract 9.02, Miami-Dade County, Florida",6271,665
1400000US12086000903,12086000903,"Census Tract 9.03, Miami-Dade County, Florida",2549,283
1400000US12086001002,12086001002,"Census Tract 10.02, Miami-Dade County, Florida",5320,922
1400000US12086001003,12086001003,"Census Tract 10.03, Miami-Dade County, Florida",5218,558
1400000US12086001004,12086001004,"Census Tract 10.04, Miami-Dade County, Florida",6003,699
1400000US12086001005,12086001005,"Census Tract 10.05, Miami-Dade County, Florida",2004,352
1400000US12086001006,12086001006,"Census Tract 10.06, Miami-Dade County, Florida",5166,596
1400000US12086001101,12086001101,"Census Tract 11.01, Miami-Dade County, Florida",6011,448
1400000US12086001102,12086001102,"Census Tract 11.02, Miami-Dade County, Florida",5650,585
1400000US12086001103,12086001103,"Census Tract 11.03, Miami-Dade County, Florida",3865,536
1400000US12086001104,12086001104,"Census Tract 11.04, Miami-Dade County, Florida",4876,388
1400000US12086001203,12086001203,"Census Tract 12.03, Miami-Dade County, Florida",7155,924
1400000US12086001204,12086001204,"Census Tract 12.04, Miami-Dade County, Florida",5395,684
1400000US12086001205,12086001205,"Census Tract 12.05, Miami-Dade County, Florida",3603,405
1400000US12086001206,12086001206,"Census Tract 12.06, Miami-Dade County, Florida",3973,563
1400000US12086001301,12086001301,"Census Tract 13.01, Miami-Dade County, Florida",4163,655
1400000US12086001302,12086001302,"Census Tract 13.02, Miami-Dade County, Florida",6264,968
1400000US12086001401,12086001401,"Census Tract 14.01, Miami-Dade County, Florida",5562,573
1400000US12086001402,12086001402,"Census Tract 14.02, Miami-Dade County, Florida",6250,691
1400000US12086001501,12086001501,"Census Tract 15.01, Miami-Dade County, Florida",4062,463
1400000US12086001502,12086001502,"Census Tract 15.02, Miami-Dade County, Florida",3813,496
1400000US12086001602,12086001602,"Census Tract 16.02, Miami-Dade County, Florida",6478,535
1400000US12086001603,12086001603,"Census Tract 16.03, Miami-Dade County, Florida",3181,529
1400000US12086001605,12086001605,"Census Tract 16.05, Miami-Dade County, Florida",3872,491
1400000US12086001606,12086001606,"Census Tract 16.06, Miami-Dade County, Florida",4889,477
1400000US12086001701,12086001701,"Census Tract 17.01, Miami-Dade County, Florida",4489,536
1400000US12086001702,12086001702,"Census Tract 17.02, Miami-Dade County, Florida",2382,320
1400000US12086001703,12086001703,"Census Tract 17.03, Miami-Dade County, Florida",5371,563
1400000US12086001801,12086001801,"Census Tract 18.01, Miami-Dade County, Florida",3801,528
1400000US12086001802,12086001802,"Census Tract 18.02, Miami-Dade County, Florida",3973,525
1400000US12086001803,12086001803,"Census Tract 18.03, Miami-Dade County, Florida",3234,576
1400000US12086001901,12086001901,"Census Tract 19.01, Miami-Dade County, Florida",3491,495
1400000US12086001903,12086001903,"Census Tract 19.03, Miami-Dade County, Florida",3348,413
1400000US12086001904,12086001904,"Census Tract 19.04, Miami-Dade County, Florida",3630,538
1400000US12086002001,12086002001,"Census Tract 20.01, Miami-Dade County, Florida",3762,520
1400000US12086002003,12086002003,"Census Tract 20.03, Miami-Dade County, Florida",3344,445
1400000US12086002004,12086002004,"Census Tract 20.04, Miami-Dade County, Florida",2932,323
1400000US12086002100,12086002100,"Census Tract 21, Miami-Dade County, Florida",2605,424
1400000US12086002201,12086002201,"Census Tract 22.01, Miami-Dade County, Florida",3766,526
1400000US12086002202,12086002202,"Census Tract 22.02, Miami-Dade County, Florida",6155,598
1400000US12086002300,12086002300,"Census Tract 23, Miami-Dade County, Florida",5206,801
1400000US12086002402,12086002402,"Census Tract 24.02, Miami-Dade County, Florida",5266,503
1400000US12086002403,12086002403,"Census Tract 24.03, Miami-Dade County, Florida",4445,758
1400000US12086002404,12086002404,"Census Tract 24.04, Miami-Dade County, Florida",5031,779
1400000US12086002501,12086002501,"Census Tract 25.01, Miami-Dade County, Florida",5038,516
1400000US12086002502,12086002502,"Census Tract 25.02, Miami-Dade County, Florida",5151,618
1400000US12086002600,12086002600,"Census Tract 26, Miami-Dade County, Florida",6068,775
1400000US12086002702,12086002702,"Census Tract 27.02, Miami-Dade County, Florida",3123,484
1400000US12086002703,12086002703,"Census Tract 27.03, Miami-Dade County, Florida",5770,915
1400000US12086002705,12086002705,"Census Tract 27.05, Miami-Dade County, Florida",2787,505
1400000US12086002706,12086002706,"Census Tract 27.06, Miami-Dade County, Florida",3349,544
1400000US12086002800,12086002800,"Census Tract 28, Miami-Dade County, Florida",1548,388
1400000US12086002900,12086002900,"Census Tract 29, Miami-Dade County, Florida",7085,872
1400000US12086003001,12086003001,"Census Tract 30.01, Miami-Dade County, Florida",2253,285
1400000US12086003003,12086003003,"Census Tract 30.03, Miami-Dade County, Florida",6958,685
1400000US12086003004,12086003004,"Census Tract 30.04, Miami-Dade County, Florida",4530,417
1400000US12086003100,12086003100,"Census Tract 31, Miami-Dade County, Florida",4439,533
1400000US12086003400,12086003400,"Census Tract 34, Miami-Dade County, Florida",1688,251
1400000US12086003601,12086003601,"Census Tract 36.01, Miami-Dade County, Florida",3535,479
1400000US12086003602,12086003602,"Census Tract 36.02, Miami-Dade County, Florida",7203,785
1400000US12086003702,12086003702,"Census Tract 37.02, Miami-Dade County, Florida",3827,492
1400000US12086003703,12086003703,"Census Tract 37.03, Miami-Dade County, Florida",1591,260
1400000US12086003704,12086003704,"Census Tract 37.04, Miami-Dade County, Florida",1479,341
1400000US12086003705,12086003705,"Census Tract 37.05, Miami-Dade County, Florida",1209,271
1400000US12086003706,12086003706,"Census Tract 37.06, Miami-Dade County, Florida",1316,224
1400000US12086003707,12086003707,"Census Tract 37.07, Miami-Dade County, Florida",1174,248
1400000US12086003801,12086003801,"Census Tract 38.01, Miami-Dade County, Florida",5908,51
1400000US12086003803,12086003803,"Census Tract 38.03, Miami-Dade County, Florida",2605,27
1400000US12086003804,12086003804,"Census Tract 38.04, Miami-Dade County, Florida",5927,22
1400000US12086003906,12086003906,"Census Tract 39.06, Miami-Dade County, Florida",3245,352
1400000US12086003909,12086003909,"Census Tract 39.09, Miami-Dade County, Florida",1466,273
1400000US12086003911,12086003911,"Census Tract 39.11, Miami-Dade County, Florida",4688,523
1400000US12086003912,12086003912,"Census Tract 39.12, Miami-Dade County, Florida",4797,763
1400000US12086003913,12086003913,"Census Tract 39.13, Miami-Dade County, Florida",4844,511
1400000US12086003914,12086003914,"Census Tract 39.14, Miami-Dade County, Florida",3698,526
1400000US12086003915,12086003915,"Census Tract 39.15, Miami-Dade County, Florida",4866,778
1400000US12086003916,12086003916,"Census Tract 39.16, Miami-Dade County, Florida",3802,461
1400000US12086003917,12086003917,"Census Tract 39.17, Miami-Dade County, Florida",4910,366
1400000US12086003918,12086003918,"Census Tract 39.18, Miami-Dade County, Florida",2543,366
1400000US12086003919,12086003919,"Census Tract 39.19, Miami-Dade County, Florida",2343,378
1400000US12086003921,12086003921,"Census Tract 39.21, Miami-Dade County, Florida",2776,456
1400000US12086003922,12086003922,"Census Tract 39.22, Miami-Dade County, Florida",3009,420
1400000US12086004000,12086004000,"Census Tract 40, Miami-Dade County, Florida",5620,739
1400000US12086004102,12086004102,"Census Tract 41.02, Miami-Dade County, Florida",2855,449
1400000US12086004103,12086004103,"Census Tract 41.03, Miami-Dade County, Florida",3361,961
1400000US12086004105,12086004105,"Census Tract 41.05, Miami-Dade County, Florida",2780,727
1400000US12086004106,12086004106,"Census Tract 41.06, Miami-Dade County, Florida",3966,561
1400000US12086004203,12086004203,"Census Tract 42.03, Miami-Dade County, Florida",4596,485
1400000US12086004204,12086004204,"Census Tract 42.04, Miami-Dade County, Florida",2053,353
1400000US12086004205,12086004205,"Census Tract 42.05, Miami-Dade County, Florida",2673,526
1400000US12086004206,12086004206,"Census Tract 42.06, Miami-Dade County, Florida",1703,401
1400000US12086004301,12086004301,"Census Tract 43.01, Miami-Dade County, Florida",1879,323
1400000US12086004303,12086004303,"Census Tract 43.03, Miami-Dade County, Florida",2257,409
1400000US12086004304,12086004304,"Census Tract 43.04, Miami-Dade County, Florida",2821,603
1400000US12086004403,12086004403,"Census Tract 44.03, Miami-Dade County, Florida",2797,398
1400000US12086004404,12086004404,"Census Tract 44.04, Miami-Dade County, Florida",1878,279
1400000US12086004405,12086004405,"Census Tract 44.05, Miami-Dade County, Florida",3674,670
1400000US12086004406,12086004406,"Census Tract 44.06, Miami-Dade County, Florida",2383,303
1400000US12086004500,12086004500,"Census Tract 45, Miami-Dade County, Florida",4011,566
1400000US12086004602,12086004602,"Census Tract 46.02, Miami-Dade County, Florida",4265,407
1400000US12086004605,12086004605,"Census Tract 46.05, Miami-Dade County, Florida",3451,437
1400000US12086004607,12086004607,"Census Tract 46.07, Miami-Dade County, Florida",3142,540
1400000US12086004608,12086004608,"Census Tract 46.08, Miami-Dade County, Florida",1916,537
1400000US12086004701,12086004701,"Census Tract 47.01, Miami-Dade County, Florida",5810,425
1400000US12086004702,12086004702,"Census Tract 47.02, Miami-Dade County, Florida",6068,457
1400000US12086004703,12086004703,"Census Tract 47.03, Miami-Dade County, Florida",5009,426
1400000US12086004901,12086004901,"Census Tract 49.01, Miami-Dade County, Florida",3321,352
1400000US12086004902,12086004902,"Census Tract 49.02, Miami-Dade County, Florida",6980,903
1400000US12086005001,12086005001,"Census Tract 50.01, Miami-Dade County, Florida",8358,1122
1400000US12086005002,12086005002,"Census Tract 50.02, Miami-Dade County, Florida",5856,560
1400000US12086005102,12086005102,"Census Tract 51.02, Miami-Dade County, Florida",4014,445
1400000US12086005103,12086005103,"Census Tract 51.03, Miami-Dade County, Florida",2529,288
1400000US12086005104,12086005104,"Census Tract 51.04, Miami-Dade County, Florida",3725,498
1400000US12086005201,12086005201,"Census Tract 52.01, Miami-Dade County, Florida",5565,624
1400000US12086005202,12086005202,"Census Tract 52.02, Miami-Dade County, Florida",6026,658
1400000US12086005302,12086005302,"Census Tract 53.02, Miami-Dade County, Florida",7154,690
1400000US12086005303,12086005303,"Census Tract 53.03, Miami-Dade County, Florida",3417,436
1400000US12086005304,12086005304,"Census Tract 53.04, Miami-Dade County, Florida",4551,580
1400000US12086005403,12086005403,"Census Tract 54.03, Miami-Dade County, Florida",1300,264
1400000US12086005405,12086005405,"Census Tract 54.05, Miami-Dade County, Florida",3380,555
1400000US12086005406,12086005406,"Census Tract 54.06, Miami-Dade County, Florida",4198,608
1400000US12086005407,12086005407,"Census Tract 54.07, Miami-Dade County, Florida",2172,438
1400000US12086005409,12086005409,"Census Tract 54.09, Miami-Dade County, Florida",3714,458
1400000US12086005410,12086005410,"Census Tract 54.10, Miami-Dade County, Florida",3286,430
1400000US12086005501,12086005501,"Census Tract 55.01, Miami-Dade County, Florida",6435,785
1400000US12086005502,12086005502,"Census Tract 55.02, Miami-Dade County, Florida",6993,739
1400000US12086005600,12086005600,"Census Tract 56, Miami-Dade County, Florida",5454,490
1400000US12086005701,12086005701,"Census Tract 57.01, Miami-Dade County, Florida",6471,637
1400000US12086005703,12086005703,"Census Tract 57.03, Miami-Dade County, Florida",6908,753
1400000US12086005704,12086005704,"Census Tract 57.04, Miami-Dade County, Florida",7879,641
1400000US12086005801,12086005801,"Census Tract 58.01, Miami-Dade County, Florida",8216,1020
1400000US12086005802,12086005802,"Census Tract 58.02, Miami-Dade County, Florida",9961,746
1400000US12086005901,12086005901,"Census Tract 59.01, Miami-Dade County, Florida",4320,297
1400000US12086005902,12086005902,"Census Tract 59.02, Miami-Dade County, Florida",3936,476
1400000US12086005903,12086005903,"Census Tract 59.03, Miami-Dade County, Florida",6043,448
1400000US12086005904,12086005904,"Census Tract 59.04, Miami-Dade County, Florida",4364,494
1400000US12086006001,12086006001,"Census Tract 60.01, Miami-Dade County, Florida",7025,800
1400000US12086006002,12086006002,"Census Tract 60.02, Miami-Dade County, Florida",5827,715
1400000US12086006101,12086006101,"Census Tract 61.01, Miami-Dade County, Florida",5773,493
1400000US12086006102,12086006102,"Census Tract 61.02, Miami-Dade County, Florida",6526,427
1400000US12086006201,12086006201,"Census Tract 62.01, Miami-Dade County, Florida",2740,411
1400000US12086006203,12086006203,"Census Tract 62.03, Miami-Dade County, Florida",1773,207
1400000US12086006205,12086006205,"Census Tract 62.05, Miami-Dade County, Florida",3915,609
1400000US12086006206,12086006206,"Census Tract 62.06, Miami-Dade County, Florida",2761,346
1400000US12086006301,12086006301,"Census Tract 63.01, Miami-Dade County, Florida",6739,597
1400000US12086006302,12086006302,"Census Tract 63.02, Miami-Dade County, Florida",4859,571
1400000US12086006401,12086006401,"Census Tract 64.01, Miami-Dade County, Florida",3781,426
1400000US12086006402,12086006402,"Census Tract 64.02, Miami-Dade County, Florida",3697,451
1400000US12086006403,12086006403,"Census Tract 64.03, Miami-Dade County, Florida",3640,423
1400000US12086006501,12086006501,"Census Tract 65.01, Miami-Dade County, Florida",3409,596
1400000US12086006503,12086006503,"Census Tract 65.03, Miami-Dade County, Florida",2792,269
1400000US12086006504,12086006504,"Census Tract 65.04, Miami-Dade County, Florida",2523,335
1400000US12086006601,12086006601,"Census Tract 66.01, Miami-Dade County, Florida",7797,1052
1400000US12086006602,12086006602,"Census Tract 66.02, Miami-Dade County, Florida",4937,762
1400000US12086006702,12086006702,"Census Tract 67.02, Miami-Dade County, Florida",8846,1060
1400000US12086006705,12086006705,"Census Tract 67.05, Miami-Dade County, Florida",2886,491
1400000US12086006706,12086006706,"Census Tract 67.06, Miami-Dade County, Florida",2392,443
1400000US12086006707,12086006707,"Census Tract 67.07, Miami-Dade County, Florida",4309,838
1400000US12086006709,12086006709,"Census Tract 67.09, Miami-Dade County, Florida",977,248
1400000US12086006711,12086006711,"Census Tract 67.11, Miami-Dade County, Florida",2350,437
1400000US12086006713,12086006713,"Census Tract 67.13, Miami-Dade County, Florida",1899,675
1400000US12086006714,12086006714,"Census Tract 67.14, Miami-Dade County, Florida",1939,384
1400000US12086006801,12086006801,"Census Tract 68.01, Miami-Dade County, Florida",2800,411
1400000US12086006802,12086006802,"Census Tract 68.02, Miami-Dade County, Florida",3974,336
1400000US12086006900,12086006900,"Census Tract 69, Miami-Dade County, Florida",6200,704
1400000US12086007001,12086007001,"Census Tract 70.01, Miami-Dade County, Florida",9274,880
1400000US12086007002,12086007002,"Census Tract 70.02, Miami-Dade County, Florida",7726,792
1400000US12086007101,12086007101,"Census Tract 71.01, Miami-Dade County, Florida",2450,389
1400000US12086007103,12086007103,"Census Tract 71.03, Miami-Dade County, Florida",1629,217
1400000US12086007104,12086007104,"Census Tract 71.04, Miami-Dade County, Florida",3047,338
1400000US12086007200,12086007200,"Census Tract 72, Miami-Dade County, Florida",2639,392
1400000US12086007300,12086007300,"Census Tract 73, Miami-Dade County, Florida",4067,411
1400000US12086007400,12086007400,"Census Tract 74, Miami-Dade County, Florida",6851,587
1400000US12086007501,12086007501,"Census Tract 75.01, Miami-Dade County, Florida",2841,293
1400000US12086007503,12086007503,"Census Tract 75.03, Miami-Dade County, Florida",861,126
1400000US12086007601,12086007601,"Census Tract 76.01, Miami-Dade County, Florida",2893,294
1400000US12086007603,12086007603,"Census Tract 76.03, Miami-Dade County, Florida",3716,465
1400000US12086007604,12086007604,"Census Tract 76.04, Miami-Dade County, Florida",5649,589
1400000US12086007605,12086007605,"Census Tract 76.05, Miami-Dade County, Florida",4804,532
1400000US12086007606,12086007606,"Census Tract 76.06, Miami-Dade County, Florida",5937,508
1400000US12086007701,12086007701,"Census Tract 77.01, Miami-Dade County, Florida",6604,527
1400000US12086007702,12086007702,"Census Tract 77.02, Miami-Dade County, Florida",6701,706
1400000US12086007704,12086007704,"Census Tract 77.04, Miami-Dade County, Florida",4444,561
1400000US12086007705,12086007705,"Census Tract 77.05, Miami-Dade County, Florida",4749,589
1400000US12086007801,12086007801,"Census Tract 78.01, Miami-Dade County, Florida",1243,297
1400000US12086007804,12086007804,"Census Tract 78.04, Miami-Dade County, Florida",7284,883
1400000US12086007805,12086007805,"Census Tract 78.05, Miami-Dade County, Florida",4752,447
1400000US12086007806,12086007806,"Census Tract 78.06, Miami-Dade County, Florida",4529,396
1400000US12086007807,12086007807,"Census Tract 78.07, Miami-Dade County, Florida",4671,360
1400000US12086007901,12086007901,"Census Tract 79.01, Miami-Dade County, Florida",3529,313
1400000US12086007902,12086007902,"Census Tract 79.02, Miami-Dade County, Florida",3453,409
1400000US12086008000,12086008000,"Census Tract 80, Miami-Dade County, Florida",6498,797
1400000US12086008101,12086008101,"Census Tract 81.01, Miami-Dade County, Florida",3541,303
1400000US12086008102,12086008102,"Census Tract 81.02, Miami-Dade County, Florida",4973,370
1400000US12086008202,12086008202,"Census Tract 82.02, Miami-Dade County, Florida",3992,308
1400000US12086008205,12086008205,"Census Tract 82.05, Miami-Dade County, Florida",4331,363
1400000US12086008206,12086008206,"Census Tract 82.06, Miami-Dade County, Florida",4136,381
1400000US12086008207,12086008207,"Census Tract 82.07, Miami-Dade County, Florida",4069,280
1400000US12086008208,12086008208,"Census Tract 82.08, Miami-Dade County, Florida",4536,551
1400000US12086008209,12086008209,"Census Tract 82.09, Miami-Dade County, Florida",4791,335
1400000US12086008304,12086008304,"Census Tract 83.04, Miami-Dade County, Florida",8369,1187
1400000US12086008305,12086008305,"Census Tract 83.05, Miami-Dade County, Florida",5267,446
1400000US12086008306,12086008306,"Census Tract 83.06, Miami-Dade County, Florida",9086,963
1400000US12086008307,12086008307,"Census Tract 83.07, Miami-Dade County, Florida",6883,479
1400000US12086008308,12086008308,"Census Tract 83.08, Miami-Dade County, Florida",5901,421
1400000US12086008309,12086008309,"Census Tract 83.09, Miami-Dade County, Florida",4416,573
1400000US12086008405,12086008405,"Census Tract 84.05, Miami-Dade County, Florida",6223,914
1400000US12086008407,12086008407,"Census Tract 84.07, Miami-Dade County, Florida",7413,611
1400000US12086008409,12086008409,"Census Tract 84.09, Miami-Dade County, Florida",5707,475
1400000US12086008410,12086008410,"Census Tract 84.10, Miami-Dade County, Florida",6262,609
1400000US12086008412,12086008412,"Census Tract 84.12, Miami-Dade County, Florida",5827,701
1400000US12086008414,12086008414,"Census Tract 84.14, Miami-Dade County, Florida",7853,586
1400000US12086008415,12086008415,"Census Tract 84.15, Miami-Dade County, Florida",5226,479
1400000US12086008416,12086008416,"Census Tract 84.16, Miami-Dade County, Florida",3482,322
1400000US12086008417,12086008417,"Census Tract 84.17, Miami-Dade County, Florida",5101,562
1400000US12086008418,12086008418,"Census Tract 84.18, Miami-Dade County, Florida",3017,365
1400000US12086008419,12086008419,"Census Tract 84.19, Miami-Dade County, Florida",5299,588
1400000US12086008501,12086008501,"Census Tract 85.01, Miami-Dade County, Florida",7452,718
1400000US12086008502,12086008502,"Census Tract 85.02, Miami-Dade County, Florida",4785,401
1400000US12086008601,12086008601,"Census Tract 86.01, Miami-Dade County, Florida",4649,462
1400000US12086008602,12086008602,"Census Tract 86.02, Miami-Dade County, Florida",7262,745
1400000US12086008701,12086008701,"Census Tract 87.01, Miami-Dade County, Florida",5916,703
1400000US12086008702,12086008702,"Census Tract 87.02, Miami-Dade County, Florida",5944,644
1400000US12086008803,12086008803,"Census Tract 88.03, Miami-Dade County, Florida",6554,760
1400000US12086008804,12086008804,"Census Tract 88.04, Miami-Dade County, Florida",7794,951
1400000US12086008805,12086008805,"Census Tract 88.05, Miami-Dade County, Florida",5322,664
1400000US12086008806,12086008806,"Census Tract 88.06, Miami-Dade County, Florida",3829,433
1400000US12086008901,12086008901,"Census Tract 89.01, Miami-Dade County, Florida",7573,647
1400000US12086008902,12086008902,"Census Tract 89.02, Miami-Dade County, Florida",6593,517
1400000US12086008904,12086008904,"Census Tract 89.04, Miami-Dade County, Florida",1978,326
1400000US12086008906,12086008906,"Census Tract 89.06, Miami-Dade County, Florida",5158,393
1400000US12086008907,12086008907,"Census Tract 89.07, Miami-Dade County, Florida",4820,330
1400000US12086009006,12086009006,"Census Tract 90.06, Miami-Dade County, Florida",9282,945
1400000US12086009010,12086009010,"Census Tract 90.10, Miami-Dade County, Florida",5310,397
1400000US12086009014,12086009014,"Census Tract 90.14, Miami-Dade County, Florida",4159,354
1400000US12086009015,12086009015,"Census Tract 90.15, Miami-Dade County, Florida",5018,533
1400000US12086009017,12086009017,"Census Tract 90.17, Miami-Dade County, Florida",6276,442
1400000US12086009019,12086009019,"Census Tract 90.19, Miami-Dade County, Florida",4820,487
1400000US12086009020,12086009020,"Census Tract 90.20, Miami-Dade County, Florida",2827,374
1400000US12086009021,12086009021,"Census Tract 90.21, Miami-Dade County, Florida",4662,441
1400000US12086009022,12086009022,"Census Tract 90.22, Miami-Dade County, Florida",2112,176
1400000US12086009023,12086009023,"Census Tract 90.23, Miami-Dade County, Florida",7424,543
1400000US12086009024,12086009024,"Census Tract 90.24, Miami-Dade County, Florida",4672,464
1400000US12086009026,12086009026,"Census Tract 90.26, Miami-Dade County, Florida",2361,303
1400000US12086009027,12086009027,"Census Tract 90.27, Miami-Dade County, Florida",3969,471
1400000US12086009028,12086009028,"Census Tract 90.28, Miami-Dade County, Florida",4263,466
1400000US12086009029,12086009029,"Census Tract 90.29, Miami-Dade County, Florida",3925,496
1400000US12086009030,12086009030,"Census Tract 90.30, Miami-Dade County, Florida",4256,411
1400000US12086009031,12086009031,"Census Tract 90.31, Miami-Dade County, Florida",3949,350
1400000US12086009034,12086009034,"Census Tract 90.34, Miami-Dade County, Florida",7705,760
1400000US12086009035,12086009035,"Census Tract 90.35, Miami-Dade County, Florida",4994,612
1400000US12086009036,12086009036,"Census Tract 90.36, Miami-Dade County, Florida",8234,780
1400000US12086009038,12086009038,"Census Tract 90.38, Miami-Dade County, Florida",7886,829
1400000US12086009039,12086009039,"Census Tract 90.39, Miami-Dade County, Florida",5320,455
1400000US12086009040,12086009040,"Census Tract 90.40, Miami-Dade County, Florida",88,22
1400000US12086009043,12086009043,"Census Tract 90.43, Miami-Dade County, Florida",4438,523
1400000US12086009044,12086009044,"Census Tract 90.44, Miami-Dade County, Florida",1525,308
1400000US12086009046,12086009046,"Census Tract 90.46, Miami-Dade County, Florida",926,253
1400000US12086009047,12086009047,"Census Tract 90.47, Miami-Dade County, Florida",3206,499
1400000US12086009100,12086009100,"Census Tract 91, Miami-Dade County, Florida",7800,505
1400000US12086009200,12086009200,"Census Tract 92, Miami-Dade County, Florida",3523,488
1400000US12086009305,12086009305,"Census Tract 93.05, Miami-Dade County, Florida",4841,337
1400000US12086009306,12086009306,"Census Tract 93.06, Miami-Dade County, Florida",6482,545
1400000US12086009307,12086009307,"Census Tract 93.07, Miami-Dade County, Florida",6146,831
1400000US12086009308,12086009308,"Census Tract 93.08, Miami-Dade County, Florida",8088,599
1400000US12086009309,12086009309,"Census Tract 93.09, Miami-Dade County, Florida",7414,667
1400000US12086009311,12086009311,"Census Tract 93.11, Miami-Dade County, Florida",6286,577
1400000US12086009312,12086009312,"Census Tract 93.12, Miami-Dade County, Florida",5365,574
1400000US12086009313,12086009313,"Census Tract 93.13, Miami-Dade County, Florida",5429,430
1400000US12086009314,12086009314,"Census Tract 93.14, Miami-Dade County, Florida",4469,626
1400000US12086009315,12086009315,"Census Tract 93.15, Miami-Dade County, Florida",2873,364
1400000US12086009400,12086009400,"Census Tract 94, Miami-Dade County, Florida",7014,571
1400000US12086009501,12086009501,"Census Tract 95.01, Miami-Dade County, Florida",5035,447
1400000US12086009503,12086009503,"Census Tract 95.03, Miami-Dade County, Florida",4564,603
1400000US12086009504,12086009504,"Census Tract 95.04, Miami-Dade County, Florida",5083,491
1400000US12086009600,12086009600,"Census Tract 96, Miami-Dade County, Florida",6735,689
1400000US12086009703,12086009703,"Census Tract 97.03, Miami-Dade County, Florida",3719,335
1400000US12086009704,12086009704,"Census Tract 97.04, Miami-Dade County, Florida",6228,553
1400000US12086009705,12086009705,"Census Tract 97.05, Miami-Dade County, Florida",4820,671
1400000US12086009706,12086009706,"Census Tract 97.06, Miami-Dade County, Florida",3493,511
1400000US12086009803,12086009803,"Census Tract 98.03, Miami-Dade County, Florida",4730,629
1400000US12086009804,12086009804,"Census Tract 98.04, Miami-Dade County, Florida",3392,306
1400000US12086009806,12086009806,"Census Tract 98.06, Miami-Dade County, Florida",2987,309
1400000US12086009807,12086009807,"Census Tract 98.07, Miami-Dade County, Florida",7328,771
1400000US12086009808,12086009808,"Census Tract 98.08, Miami-Dade County, Florida",4703,620
1400000US12086009901,12086009901,"Census Tract 99.01, Miami-Dade County, Florida",8817,979
1400000US12086009903,12086009903,"Census Tract 99.03, Miami-Dade County, Florida",5384,589
1400000US12086009904,12086009904,"Census Tract 99.04, Miami-Dade County, Florida",3245,466
1400000US12086009905,12086009905,"Census Tract 99.05, Miami-Dade County, Florida",5938,578
1400000US12086009906,12086009906,"Census Tract 99.06, Miami-Dade County, Florida",5052,631
1400000US12086010001,12086010001,"Census Tract 100.01, Miami-Dade County, Florida",7142,729
1400000US12086010005,12086010005,"Census Tract 100.05, Miami-Dade County, Florida",7768,811
1400000US12086010006,12086010006,"Census Tract 100.06, Miami-Dade County, Florida",8551,963
1400000US12086010009,12086010009,"Census Tract 100.09, Miami-Dade County, Florida",8052,676
1400000US12086010010,12086010010,"Census Tract 100.10, Miami-Dade County, Florida",5119,430
1400000US12086010011,12086010011,"Census Tract 100.11, Miami-Dade County, Florida",5934,854
1400000US12086010012,12086010012,"Census Tract 100.12, Miami-Dade County, Florida",5042,552
1400000US12086010013,12086010013,"Census Tract 100.13, Miami-Dade County, Florida",4668,504
1400000US12086010015,12086010015,"Census Tract 100.15, Miami-Dade County, Florida",4000,499
1400000US12086010016,12086010016,"Census Tract 100.16, Miami-Dade County, Florida",4774,411
1400000US12086010193,12086010193,"Census Tract 101.93, Miami-Dade County, Florida",2587,183
1400000US12086010198,12086010198,"Census Tract 101.98, Miami-Dade County, Florida",4420,650
1400000US12086010201,12086010201,"Census Tract 102.01, Miami-Dade County, Florida",4294,372
1400000US12086010204,12086010204,"Census Tract 102.04, Miami-Dade County, Florida",7058,581
1400000US12086010205,12086010205,"Census Tract 102.05, Miami-Dade County, Florida",5342,537
1400000US12086010207,12086010207,"Census Tract 102.07, Miami-Dade County, Florida",3644,341
1400000US12086010208,12086010208,"Census Tract 102.08, Miami-Dade County, Florida",4819,530
1400000US12086010209,12086010209,"Census Tract 102.09, Miami-Dade County, Florida",5280,539
1400000US12086010210,12086010210,"Census Tract 102.10, Miami-Dade County, Florida",7001,604
1400000US12086010300,12086010300,"Census Tract 103, Miami-Dade County, Florida",8107,801
1400000US12086010400,12086010400,"Census Tract 104, Miami-Dade County, Florida",3500,348
1400000US12086010500,12086010500,"Census Tract 105, Miami-Dade County, Florida",10234,1241
1400000US12086010604,12086010604,"Census Tract 106.04, Miami-Dade County, Florida",5412,418
1400000US12086010606,12086010606,"Census Tract 106.06, Miami-Dade County, Florida",7348,499
1400000US12086010608,12086010608,"Census Tract 106.08, Miami-Dade County, Florida",5826,472
1400000US12086010609,12086010609,"Census Tract 106.09, Miami-Dade County, Florida",5530,602
1400000US12086010610,12086010610,"Census Tract 106.10, Miami-Dade County, Florida",4133,430
1400000US12086010612,12086010612,"Census Tract 106.12, Miami-Dade County, Florida",9836,774
1400000US12086010613,12086010613,"Census Tract 106.13, Miami-Dade County, Florida",4955,588
1400000US12086010614,12086010614,"Census Tract 106.14, Miami-Dade County, Florida",8876,904
1400000US12086010617,12086010617,"Census Tract 106.17, Miami-Dade County, Florida",5534,552
1400000US12086010703,12086010703,"Census Tract 107.03, Miami-Dade County, Florida",12760,948
1400000US12086010704,12086010704,"Census Tract 107.04, Miami-Dade County, Florida",9870,884
1400000US12086010801,12086010801,"Census Tract 108.01, Miami-Dade County, Florida",6715,769
1400000US12086010802,12086010802,"Census Tract 108.02, Miami-Dade County, Florida",6632,837
1400000US12086010900,12086010900,"Census Tract 109, Miami-Dade County, Florida",5931,615
1400000US12086011001,12086011001,"Census Tract 110.01, Miami-Dade County, Florida",10566,962
1400000US12086011003,12086011003,"Census Tract 110.03, Miami-Dade County, Florida",4432,490
1400000US12086011005,12086011005,"Census Tract 110.05, Miami-Dade County, Florida",6459,658
1400000US12086011007,12086011007,"Census Tract 110.07, Miami-Dade County, Florida",6421,728
1400000US12086011008,12086011008,"Census Tract 110.08, Miami-Dade County, Florida",4092,436
1400000US12086011009,12086011009,"Census Tract 110.09, Miami-Dade County, Florida",5960,651
1400000US12086011101,12086011101,"Census Tract 111.01, Miami-Dade County, Florida",9025,1132
1400000US12086011102,12086011102,"Census Tract 111.02, Miami-Dade County, Florida",6584,547
1400000US12086011201,12086011201,"Census Tract 112.01, Miami-Dade County, Florida",7022,666
1400000US12086011202,12086011202,"Census Tract 112.02, Miami-Dade County, Florida",7528,888
1400000US12086011300,12086011300,"Census Tract 113, Miami-Dade County, Florida",8644,1186
1400000US12086011401,12086011401,"Census Tract 114.01, Miami-Dade County, Florida",15728,1670
1400000US12086011403,12086011403,"Census Tract 114.03, Miami-Dade County, Florida",7047,613
1400000US12086011404,12086011404,"Census Tract 114.04, Miami-Dade County, Florida",11386,832
1400000US12086011500,12086011500,"Census Tract 115, Miami-Dade County, Florida",5064,675
1400000US12086011600,12086011600,"Census Tract 116, Miami-Dade County, Florida",6167,442
1400000US12086011700,12086011700,"Census Tract 117, Miami-Dade County, Florida",7580,617
1400000US12086011800,12086011800,"Census Tract 118, Miami-Dade County, Florida",3624,398
1400000US12086011900,12086011900,"Census Tract 119, Miami-Dade County, Florida",5454,427
1400000US12086012000,12086012000,"Census Tract 120, Miami-Dade County, Florida",8613,697
1400000US12086012100,12086012100,"Census Tract 121, Miami-Dade County, Florida",15425,1169
1400000US12086012200,12086012200,"Census Tract 122, Miami-Dade County, Florida",5657,419
1400000US12086012300,12086012300,"Census Tract 123, Miami-Dade County, Florida",7525,512
1400000US12086012400,12086012400,"Census Tract 124, Miami-Dade County, Florida",9470,928
1400000US12086012500,12086012500,"Census Tract 125, Miami-Dade County, Florida",6569,492
1400000US12086012600,12086012600,"Census Tract 126, Miami-Dade County, Florida",7116,501
1400000US12086012700,12086012700,"Census Tract 127, Miami-Dade County, Florida",7738,553
1400000US12086012800,12086012800,"Census Tract 128, Miami-Dade County, Florida",8625,552
1400000US12086012900,12086012900,"Census Tract 129, Miami-Dade County, Florida",4571,430
1400000US12086013000,12086013000,"Census Tract 130, Miami-Dade County, Florida",5538,529
1400000US12086013100,12086013100,"Census Tract 131, Miami-Dade County, Florida",5706,425
1400000US12086013200,12086013200,"Census Tract 132, Miami-Dade County, Florida",5957,431
1400000US12086013300,12086013300,"Census Tract 133, Miami-Dade County, Florida",5608,407
1400000US12086013400,12086013400,"Census Tract 134, Miami-Dade County, Florida",6014,590
1400000US12086013500,12086013500,"Census Tract 135, Miami-Dade County, Florida",5173,549
1400000US12086013600,12086013600,"Census Tract 136, Miami-Dade County, Florida",6063,574
1400000US12086013700,12086013700,"Census Tract 137, Miami-Dade County, Florida",5573,342
1400000US12086013800,12086013800,"Census Tract 138, Miami-Dade County, Florida",6825,766
1400000US12086013900,12086013900,"Census Tract 139, Miami-Dade County, Florida",4910,319
1400000US12086014000,12086014000,"Census Tract 140, Miami-Dade County, Florida",782,181
1400000US12086014100,12086014100,"Census Tract 141, Miami-Dade County, Florida",2436,279
1400000US12086014200,12086014200,"Census Tract 142, Miami-Dade County, Florida",5705,517
1400000US12086014300,12086014300,"Census Tract 143, Miami-Dade County, Florida",3588,392
1400000US12086014400,12086014400,"Census Tract 144, Miami-Dade County, Florida",4877,470
1400000US12086014500,12086014500,"Census Tract 145, Miami-Dade County, Florida",4529,322
1400000US12086014600,12086014600,"Census Tract 146, Miami-Dade County, Florida",7500,634
1400000US12086014700,12086014700,"Census Tract 147, Miami-Dade County, Florida",7391,812
1400000US12086014800,12086014800,"Census Tract 148, Miami-Dade County, Florida",5683,626
1400000US12086014900,12086014900,"Census Tract 149, Miami-Dade County, Florida",5541,497
1400000US12086015000,12086015000,"Census Tract 150, Miami-Dade County, Florida",8403,590
1400000US12086015100,12086015100,"Census Tract 151, Miami-Dade County, Florida",13291,1140
1400000US12086015200,12086015200,"Census Tract 152, Miami-Dade County, Florida",7102,509
1400000US12086015300,12086015300,"Census Tract 153, Miami-Dade County, Florida",6161,547
1400000US12086015400,12086015400,"Census Tract 154, Miami-Dade County, Florida",5723,635
1400000US12086015500,12086015500,"Census Tract 155, Miami-Dade County, Florida",6586,470
1400000US12086015600,12086015600,"Census Tract 156, Miami-Dade County, Florida",4659,377
1400000US12086015700,12086015700,"Census Tract 157, Miami-Dade County, Florida",2710,299
1400000US12086015800,12086015800,"Census Tract 158, Miami-Dade County, Florida",5186,571
1400000US12086015900,12086015900,"Census Tract 159, Miami-Dade County, Florida",4071,560
1400000US12086016000,12086016000,"Census Tract 160, Miami-Dade County, Florida",5081,484
1400000US12086016100,12086016100,"Census Tract 161, Miami-Dade County, Florida",5373,423
1400000US12086016200,12086016200,"Census Tract 162, Miami-Dade County, Florida",3297,624
1400000US12086016300,12086016300,"Census Tract 163, Miami-Dade County, Florida",5471,405
1400000US12086016400,12086016400,"Census Tract 164, Miami-Dade County, Florida",6712,524
1400000US12086016500,12086016500,"Census Tract 165, Miami-Dade County, Florida",8320,954
1400000US12086016600,12086016600,"Census Tract 166, Miami-Dade County, Florida",4264,843
1400000US12086016700,12086016700,"Census Tract 167, Miami-Dade County, Florida",5969,506
1400000US12086016800,12086016800,"Census Tract 168, Miami-Dade County, Florida",4253,338
1400000US12086016900,12086016900,"Census Tract 169, Miami-Dade County, Florida",4483,697
1400000US12086017000,12086017000,"Census Tract 170, Miami-Dade County, Florida",5412,386
1400000US12086017100,12086017100,"Census Tract 171, Miami-Dade County, Florida",6758,543
1400000US12086017200,12086017200,"Census Tract 172, Miami-Dade County, Florida",4595,371
1400000US12086017300,12086017300,"Census Tract 173, Miami-Dade County, Florida",4614,470
1400000US12086017400,12086017400,"Census Tract 174, Miami-Dade County, Florida",6231,554
1400000US12086017500,12086017500,"Census Tract 175, Miami-Dade County, Florida",3926,356
1400000US12086017600,12086017600,"Census Tract 176, Miami-Dade County, Florida",6444,566
1400000US12086017700,12086017700,"Census Tract 177, Miami-Dade County, Florida",4485,521
1400000US12086017800,12086017800,"Census Tract 178, Miami-Dade County, Florida",5971,554
1400000US12086017900,12086017900,"Census Tract 179, Miami-Dade County, Florida",8339,683
1400000US12086018000,12086018000,"Census Tract 180, Miami-Dade County, Florida",8064,625
1400000US12086018100,12086018100,"Census Tract 181, Miami-Dade County, Florida",5287,655
1400000US12086018200,12086018200,"Census Tract 182, Miami-Dade County, Florida",2649,330
1400000US12086018300,12086018300,"Census Tract 183, Miami-Dade County, Florida",5698,555
1400000US12086018400,12086018400,"Census Tract 184, Miami-Dade County, Florida",3665,490
1400000US12086018500,12086018500,"Census Tract 185, Miami-Dade County, Florida",4628,435
1400000US12086018600,12086018600,"Census Tract 186, Miami-Dade County, Florida",9000,1076
1400000US12086018700,12086018700,"Census Tract 187, Miami-Dade County, Florida",5415,496
1400000US12086018800,12086018800,"Census Tract 188, Miami-Dade County, Florida",7872,813
1400000US12086018900,12086018900,"Census Tract 189, Miami-Dade County, Florida",7295,654
1400000US12086019000,12086019000,"Census Tract 190, Miami-Dade County, Florida",6100,452
1400000US12086019100,12086019100,"Census Tract 191, Miami-Dade County, Florida",5094,665
1400000US12086019200,12086019200,"Census Tract 192, Miami-Dade County, Florida",5824,616
1400000US12086019300,12086019300,"Census Tract 193, Miami-Dade County, Florida",8006,770
1400000US12086019400,12086019400,"Census Tract 194, Miami-Dade County, Florida",8257,616
1400000US12086019500,12086019500,"Census Tract 195, Miami-Dade County, Florida",7096,814
1400000US12086019600,12086019600,"Census Tract 196, Miami-Dade County, Florida",5853,422
1400000US12086019700,12086019700,"Census Tract 197, Miami-Dade County, Florida",4217,305
1400000US12086019800,12086019800,"Census Tract 198, Miami-Dade County, Florida",8373,822
1400000US12086019900,12086019900,"Census Tract 199, Miami-Dade County, Florida",10540,861
1400000US12086020000,12086020000,"Census Tract 200, Miami-Dade County, Florida",7165,520
1400000US12086020100,12086020100,"Census Tract 201, Miami-Dade County, Florida",4993,424
1400000US12086020200,12086020200,"Census Tract 202, Miami-Dade County, Florida",4917,481
1400000US12086020300,12086020300,"Census Tract 203, Miami-Dade County, Florida",3999,531
1400000US12086490100,12086490100,"Census Tract 4901, Miami-Dade County, Florida",1917,211
1400000US12086980100,12086980100,"Census Tract 9801, Miami-Dade County, Florida",0,13
1400000US12086980200,12086980200,"Census Tract 9802, Miami-Dade County, Florida",0,13
1400000US12086980300,12086980300,"Census Tract 9803, Miami-Dade County, Florida",4819,428
1400000US12086980400,12086980400,"Census Tract 9804, Miami-Dade County, Florida",0,13
1400000US12086980500,12086980500,"Census Tract 9805, Miami-Dade County, Florida",0,13
1400000US12086980600,12086980600,"Census Tract 9806, Miami-Dade County, Florida",0,13
1400000US12086980700,12086980700,"Census Tract 9807, Miami-Dade County, Florida",1070,658
1400000US12086980800,12086980800,"Census Tract 9808, Miami-Dade County, Florida",7,15
1400000US12086980900,12086980900,"Census Tract 9809, Miami-Dade County, Florida",0,13
1400000US12086981000,12086981000,"Census Tract 9810, Miami-Dade County, Florida",68,46
1400000US12086990000,12086990000,"Census Tract 9900, Miami-Dade County, Florida",0,13
